Tariff,Handset,Peak_calls,Peak_mins,OffPeak_calls,OffPeak_mins,Weekend_calls,Weekend_mins,International_mins,Nat_call_cost,month
CAT 50,SOP20,14.0,11.530076,7.0,4.878109,1.0,3.045756,4.77149,0.0,6.0
CAT 50,SOP20,8.0,13.599072,2.0,4.929664,3.0,3.22978,6.897191,0.0,6.0
CAT 50,SOP10,12.0,8.481388,8.0,4.416344,1.0,2.425644,4.349604,0.0,6.0
CAT 50,SOP20,7.0,9.39464,6.0,3.236431,1.0,7.433576,2.119074,0.0,6.0
CAT 50,SOP20,7.0,9.72729,1.0,4.928494,3.0,4.161118,1.13799,0.0,6.0
CAT 50,SOP10,8.0,12.013843,5.0,4.08755,0.0,0.0,4.390636,0.0,6.0
CAT 50,SOP10,2.0,13.813229,4.0,8.386603,0.0,0.0,1.263366,0.0,6.0
CAT 50,SOP20,5.0,11.704025,3.0,2.489672,0.0,0.0,0.181733,0.0,6.0
CAT 50,SOP10,1.0,115.8,2.0,3.827936,2.0,3.39575,10.083545,0.0,6.0
CAT 50,SOP20,5.0,10.2834,3.0,3.590325,1.0,33.0,1.928878,0.0,6.0
CAT 50,CAS30,13.0,9.914612,7.0,4.930937,3.0,1.212958,1.953662,0.0,6.0
CAT 50,CAS30,12.0,10.672938,1.0,1.700867,0.0,0.0,3.996724,0.0,6.0
CAT 50,CAS30,7.0,5.737593,1.0,4.716795,2.0,0.915199,3.459062,0.0,6.0
CAT 50,CAS30,7.0,13.357214,3.0,11.1,3.0,8.175536,3.217697,0.0,6.0
CAT 50,CAS30,15.0,21.78801,1.0,27.3,4.0,9.586724,8.608266,0.0,6.0
CAT 50,CAS30,5.0,5.657926,6.0,2.763173,1.0,0.655996,2.002572,0.0,6.0
CAT 50,CAS30,1.0,56.652506,1.0,7.231686,1.0,1.942372,2.787589,0.0,6.0
CAT 50,CAS30,3.0,12.276483,3.0,15.11916,2.0,1.407357,1.335511,0.0,6.0
CAT 50,CAS30,1.0,16.254068,5.0,7.15179,3.0,5.185822,0.046648,0.0,6.0
CAT 50,CAS30,4.0,14.455483,3.0,5.903575,4.0,4.303541,8.089479,0.0,6.0
CAT 50,CAS30,3.0,19.200307,7.0,10.275164,2.0,30.0,3.926057,0.0,6.0
CAT 50,CAS30,4.0,8.811696,3.0,2.028739,3.0,7.920973,0.462866,0.0,6.0
CAT 50,CAS30,3.0,86.4,1.0,6.567853,2.0,35.0,3.663836,0.0,6.0
CAT 50,CAS30,3.0,4.485914,4.0,1.746099,3.0,1.324954,2.399655,0.0,6.0
CAT 50,CAS30,3.0,26.613216,4.0,52.5,4.0,15.0,2.421032,0.0,6.0
CAT 50,CAS30,3.0,84.6,4.0,5.994312,3.0,18.0,9.726688,0.0,6.0
CAT 50,CAS30,2.0,8.61894,7.0,5.037043,5.0,3.078193,4.896688,0.0,6.0
CAT 50,CAS30,3.0,9.471716,2.0,5.791622,0.0,0.0,0.248921,0.0,6.0
CAT 50,S50,15.0,33.796141,10.0,21.177931,5.0,7.674233,6.658918,0.0,6.0
CAT 50,S50,21.0,42.410616,13.0,20.989661,6.0,13.226362,20.686597,0.0,6.0
CAT 50,S50,20.0,31.995726,1.0,17.863503,0.0,0.0,7.469595,0.0,6.0
CAT 50,S50,16.0,34.833667,1.0,8.708417,3.0,27.0,4.43942,0.0,6.0
CAT 50,S50,4.0,16.596538,5.0,12.801598,3.0,22.0,7.841883,0.0,6.0
CAT 50,S50,8.0,46.604458,14.0,21.423017,6.0,8.926257,14.09742,3.0,6.0
CAT 50,S50,3.0,19.263829,0.0,0.0,3.0,2.14927,4.514399,0.0,6.0
CAT 50,BS110,15.0,61.478842,16.0,35.058182,4.0,8.46816,32.557824,4.0,6.0
CAT 50,S50,27.0,75.322664,1.0,11.494482,9.0,13.52292,25.926303,4.0,6.0
CAT 50,S50,4.0,41.665272,2.0,10.795093,2.0,8.048973,0.082878,1.0,6.0
CAT 50,BS110,10.0,5.39596,3.0,13.019275,4.0,2.758837,1.124638,0.0,6.0
CAT 50,BS110,9.0,7.799642,0.0,0.0,6.0,5.261663,2.277424,0.0,6.0
CAT 50,BS110,5.0,4.349333,4.0,2.124093,1.0,0.624937,1.539407,0.0,6.0
CAT 50,BS110,9.0,13.868984,3.0,6.252411,3.0,6.0,6.680363,0.0,6.0
CAT 50,BS110,10.0,22.231548,6.0,8.653419,4.0,7.621575,9.371273,0.0,6.0
CAT 50,BS110,14.0,11.012027,3.0,5.385664,2.0,3.246084,4.225476,0.0,6.0
CAT 50,BS110,8.0,11.55677,2.0,3.726248,2.0,19.8,0.218474,0.0,6.0
CAT 50,BS110,8.0,6.385613,5.0,3.325053,1.0,1.82626,3.274805,0.0,6.0
CAT 50,BS110,10.0,18.120595,2.0,33.0,5.0,8.194664,0.807256,0.0,6.0
CAT 50,BS110,16.0,14.407374,5.0,3.02377,2.0,23.585677,7.272704,0.0,6.0
CAT 50,BS110,4.0,9.472486,3.0,2.585485,3.0,2.425322,0.304999,0.0,6.0
CAT 50,BS110,8.0,8.08056,7.0,5.367379,0.0,0.0,2.839043,0.0,6.0
CAT 50,BS110,11.0,8.903482,5.0,5.243769,3.0,2.640092,3.803503,0.0,6.0
CAT 50,BS110,7.0,14.231162,4.0,5.560916,0.0,0.0,8.066444,0.0,6.0
CAT 50,BS110,10.0,20.572675,0.0,0.0,1.0,5.4,1.185448,0.0,6.0
CAT 50,BS110,7.0,10.680505,1.0,3.443714,2.0,19.8,0.201909,0.0,6.0
CAT 50,BS110,6.0,11.043941,0.0,0.0,2.0,19.8,0.20878,0.0,6.0
CAT 50,BS110,8.0,12.670039,4.0,8.771566,0.0,0.0,1.271784,0.0,6.0
CAT 50,BS110,8.0,18.921512,2.0,4.48985,6.0,10.155614,3.320392,0.0,6.0
CAT 50,BS110,12.0,19.400832,3.0,11.1,8.0,12.12552,0.819761,0.0,6.0
CAT 50,BS110,13.0,18.056473,4.0,5.659492,2.0,7.635822,5.477899,0.0,6.0
CAT 50,BS110,7.0,15.891896,5.0,5.821363,0.0,0.0,5.927067,0.0,6.0
CAT 50,BS110,5.0,9.50077,2.0,3.423071,2.0,29.4,1.156536,0.0,6.0
CAT 50,BS110,5.0,6.541773,4.0,2.253625,1.0,7.781762,1.475575,0.0,6.0
CAT 50,BS110,13.0,6.773416,0.0,0.0,2.0,1.677528,1.267659,0.0,6.0
CAT 50,BS110,8.0,8.151855,3.0,3.778724,1.0,1.365584,0.898032,0.0,6.0
CAT 50,BS110,7.0,11.001263,2.0,4.2,2.0,12.0,0.636175,0.0,6.0
CAT 50,BS110,17.0,28.086689,0.0,0.0,1.0,2.4,3.235989,0.0,6.0
CAT 50,BS110,11.0,7.777096,5.0,6.658472,3.0,0.710237,4.158715,0.0,6.0
CAT 50,BS110,7.0,8.073003,0.0,0.0,1.0,1.364261,0.709476,0.0,6.0
CAT 50,BS110,9.0,6.694868,5.0,5.731908,3.0,3.581974,3.580006,0.0,6.0
CAT 50,BS110,10.0,6.288882,5.0,2.676518,1.0,9.079574,2.578882,0.0,6.0
CAT 50,BS110,12.0,8.227322,4.0,5.768068,0.0,0.0,1.377608,0.0,6.0
CAT 50,BS110,4.0,7.635355,0.0,0.0,0.0,0.0,0.810342,0.0,6.0
CAT 50,BS110,11.0,18.712104,2.0,6.741861,2.0,29.4,2.27784,0.0,6.0
CAT 50,BS110,6.0,10.202285,2.0,3.675823,2.0,29.4,1.241933,0.0,6.0
CAT 50,BS110,2.0,83.4,4.0,9.779796,3.0,17.5,5.858055,0.0,6.0
CAT 50,BS110,2.0,8.135528,3.0,2.624364,2.0,2.799322,0.819611,0.0,6.0
CAT 50,BS110,2.0,8.23837,0.0,0.0,3.0,6.0,3.09279,0.0,6.0
CAT 50,BS110,0.0,0.0,3.0,7.047144,1.0,3.6,1.34101,0.0,6.0
CAT 50,BS110,2.0,8.068214,5.0,3.656646,5.0,1.730026,4.107446,0.0,6.0
CAT 50,BS110,3.0,14.208379,3.0,27.082084,3.0,7.737738,1.292551,0.0,6.0
CAT 50,BS110,2.0,8.969309,0.0,0.0,3.0,1.077394,1.514178,0.0,6.0
CAT 50,BS110,3.0,13.506385,3.0,9.998233,3.0,6.0,0.138245,0.0,6.0
CAT 50,BS110,3.0,94.2,2.0,6.563252,5.0,5.691109,2.612533,0.0,6.0
CAT 50,BS110,7.0,17.426027,2.0,4.2,0.0,0.0,1.496388,0.0,6.0
CAT 50,BS110,3.0,13.488037,3.0,3.424424,2.0,20.0,4.797035,0.0,6.0
CAT 50,BS110,3.0,7.226063,8.0,5.657247,1.0,1.045878,3.586318,0.0,6.0
CAT 50,BS110,0.0,0.0,2.0,4.525152,0.0,0.0,3.666338,0.0,6.0
CAT 50,BS110,5.0,19.20294,7.0,9.37818,1.0,1.8,6.796707,0.0,6.0
CAT 50,BS110,0.0,0.0,2.0,3.058442,0.0,0.0,2.477991,0.0,6.0
CAT 50,BS110,3.0,6.27881,5.0,4.64795,3.0,2.087303,0.064267,0.0,6.0
CAT 50,BS110,4.0,23.733614,12.0,18.580922,2.0,3.435128,11.779069,0.0,6.0
CAT 50,BS110,8.0,21.682675,3.0,32.1,5.0,6.455147,12.13391,0.0,6.0
CAT 50,BS110,4.0,10.475595,10.0,6.531081,5.0,3.621193,6.787669,0.0,6.0
CAT 50,BS110,2.0,83.4,6.0,14.486355,4.0,17.5,8.677263,0.0,6.0
CAT 50,BS110,6.0,18.579547,3.0,3.029274,5.0,6.462451,8.856137,0.0,6.0
CAT 50,BS110,6.0,22.316011,10.0,18.672581,0.0,0.0,0.145685,0.0,6.0
CAT 50,BS110,1.0,7.115874,2.0,4.259502,2.0,2.42207,2.515374,0.0,6.0
CAT 50,BS110,3.0,22.131534,6.0,8.614489,3.0,6.53674,11.838845,0.0,6.0
CAT 50,BS110,2.0,111.6,0.0,0.0,0.0,0.0,2.418317,0.0,6.0
CAT 50,BS110,4.0,10.742417,3.0,3.654964,0.0,0.0,3.925975,0.0,6.0
CAT 50,BS110,5.0,13.620859,4.0,4.755559,1.0,33.0,2.554892,0.0,6.0
CAT 50,BS110,1.0,115.8,2.0,3.738414,2.0,3.316335,9.847727,0.0,6.0
CAT 50,BS110,1.0,69.0,4.0,11.544641,3.0,5.4,8.5996,0.0,6.0
CAT 50,BS110,3.0,37.235549,2.0,75.6,3.0,115.2,11.067337,2.0,6.0
CAT 50,BS110,4.0,76.725117,5.0,11.554988,1.0,3.301425,10.91759,3.0,6.0
CAT 50,BS110,5.0,52.996543,1.0,162.0,4.0,11.334521,28.364734,2.0,6.0
CAT 50,BS110,2.0,47.67378,3.0,18.003863,3.0,10.544318,22.078083,2.0,6.0
CAT 50,BS110,3.0,60.514834,4.0,12.411933,1.0,3.089666,11.827286,2.0,6.0
CAT 50,BS110,3.0,40.942751,0.0,0.0,0.0,0.0,12.605198,1.0,6.0
CAT 50,BS110,4.0,74.329664,3.0,7.215852,3.0,2.937427,9.337934,2.0,6.0
CAT 50,BS110,3.0,24.716475,3.0,41.4,2.0,10.2,9.616316,0.0,6.0
CAT 50,BS110,4.0,82.97444,8.0,23.121625,3.0,6.5,19.634349,4.0,6.0
CAT 50,BS110,2.0,30.078432,1.0,11.958266,4.0,14.725899,4.213722,0.0,6.0
CAT 50,BS110,3.0,38.699376,2.0,5.630442,3.0,55.8,11.625201,1.0,6.0
CAT 50,BS110,6.0,51.229625,1.0,48.3,3.0,11.675506,10.997227,2.0,6.0
CAT 50,BS110,5.0,79.498321,4.0,17.657335,0.0,0.0,9.019912,2.0,6.0
CAT 50,BS110,4.0,54.976874,1.0,4.89699,3.0,24.811416,23.047231,2.0,6.0
CAT 50,BS110,6.0,80.853037,1.0,10.318885,3.0,14.5,3.508324,3.0,6.0
CAT 50,BS110,3.0,22.632535,2.0,36.0,1.0,3.708958,7.085225,0.0,6.0
CAT 50,BS110,5.0,47.957519,2.0,14.36702,2.0,59.0,1.696676,2.0,6.0
CAT 50,BS110,2.0,38.49312,1.0,25.11264,3.0,54.6,5.029499,2.0,6.0
CAT 50,BS110,1.0,21.122078,3.0,16.825185,2.0,5.4,1.236533,0.0,6.0
CAT 50,BS110,6.0,63.419194,1.0,3.093619,1.0,3.673673,17.180834,3.0,6.0
CAT 50,BS110,3.0,58.316232,3.0,31.8,0.0,0.0,3.678282,1.0,6.0
CAT 50,BS110,4.0,63.591155,2.0,5.258024,3.0,3.835264,17.982628,1.0,6.0
CAT 50,BS110,1.0,57.561427,3.0,20.531069,3.0,6.078685,14.780446,2.0,6.0
CAT 50,BS110,3.0,307.2,1.0,108.0,0.0,0.0,14.72636,3.0,6.0
CAT 50,BS110,1.0,79.960595,0.0,0.0,4.0,30.577978,20.093505,4.0,6.0
CAT 50,BS110,1.0,240.0,4.0,31.460036,3.0,14.4,21.327093,2.0,6.0
CAT 50,BS110,3.0,286.2,3.0,5.552575,1.0,4.147707,0.95295,0.0,6.0
CAT 50,BS110,2.0,35.942577,3.0,26.4,0.0,0.0,3.785197,0.0,6.0
CAT 50,BS110,3.0,34.095719,2.0,7.965382,0.0,0.0,11.113199,0.0,6.0
CAT 50,BS110,4.0,33.20836,1.0,159.6,2.0,22.8,9.350773,2.0,6.0
CAT 50,BS110,2.0,328.8,8.0,18.497984,1.0,23.4,8.753383,3.0,6.0
CAT 50,BS110,2.0,315.6,4.0,4.072633,2.0,17.4,2.156896,1.0,6.0
CAT 50,BS110,2.0,346.2,0.0,0.0,2.0,7.273968,9.011683,2.0,6.0
CAT 50,BS210,48.0,112.965877,7.0,16.365785,4.0,9.231981,0.163272,7.0,6.0
CAT 50,BS210,25.0,48.502086,5.0,10.859317,2.0,10.301328,17.18803,3.0,6.0
CAT 50,S80,33.0,49.80183,3.0,6.321002,3.0,2.937031,10.003912,2.0,6.0
CAT 50,BS210,59.0,89.702453,10.0,24.617041,2.0,2.921904,11.304508,5.0,6.0
CAT 50,S80,27.0,57.008189,4.0,5.931241,2.0,4.77913,9.207013,3.0,6.0
CAT 50,S80,36.0,102.449616,11.0,15.819426,3.0,25.8,16.634012,6.0,6.0
CAT 50,S80,35.0,54.79693,2.0,14.4,3.0,15.565241,2.692358,3.0,6.0
CAT 50,S80,40.0,71.69582,11.0,39.657176,2.0,1.632542,15.733599,5.0,6.0
CAT 50,BS210,41.0,104.341692,5.0,6.903811,5.0,12.709289,24.481629,6.0,6.0
CAT 50,S80,34.0,81.63725,1.0,65.1,4.0,8.113794,30.049918,5.0,6.0
CAT 50,S80,27.0,67.165034,3.0,6.6,2.0,1.503695,15.160242,4.0,6.0
CAT 50,S80,29.0,46.397366,7.0,14.992034,7.0,14.212632,8.303026,3.0,6.0
CAT 50,BS210,46.0,72.069,6.0,6.457382,9.0,15.220973,12.357845,4.0,6.0
CAT 50,S80,28.0,72.898664,3.0,20.037591,5.0,13.040337,1.530511,5.0,6.0
CAT 50,S80,50.0,94.386816,3.0,5.556643,12.0,23.089248,39.043275,5.0,6.0
CAT 50,BS210,55.0,89.450004,4.0,23.444558,3.0,6.011425,25.660352,5.0,6.0
CAT 50,BS210,45.0,73.846503,2.0,28.570775,5.0,6.407985,20.439136,5.0,6.0
CAT 50,S80,21.0,71.778593,4.0,8.496032,2.0,22.0,16.903421,4.0,6.0
CAT 50,BS210,11.0,66.441694,4.0,9.900563,0.0,0.0,18.793652,4.0,6.0
CAT 50,S80,6.0,99.293767,4.0,5.617752,6.0,8.988403,25.27402,5.0,6.0
CAT 50,BS210,10.0,58.731858,4.0,4.915148,2.0,3.193458,1.482966,3.0,6.0
CAT 50,BS210,11.0,34.336613,0.0,0.0,3.0,10.394417,5.986624,2.0,6.0
CAT 50,BS210,10.0,54.654874,5.0,11.955754,13.0,21.029317,25.356233,3.0,6.0
CAT 50,BS210,6.0,86.248747,3.0,21.0,1.0,5.4,10.742973,5.0,6.0
CAT 50,BS210,6.0,96.015968,0.0,0.0,3.0,4.137389,19.155493,5.0,6.0
CAT 50,BS210,19.0,69.487469,1.0,11.82887,2.0,45.0,24.634251,4.0,6.0
CAT 50,BS210,4.0,79.120788,10.0,13.427433,3.0,106.2,0.142732,5.0,6.0
CAT 50,BS210,6.0,85.172491,5.0,7.479546,7.0,15.835076,21.487878,5.0,6.0
CAT 50,BS110,15.0,31.820818,4.0,16.522348,1.0,3.59964,11.907294,1.0,6.0
CAT 50,BS110,8.0,16.684286,3.0,4.801711,2.0,14.4,2.472043,0.0,6.0
CAT 50,S50,38.0,67.441779,13.0,22.879781,7.0,9.832633,21.008448,4.0,6.0
CAT 50,S50,42.0,98.548111,29.0,52.022815,2.0,8.958919,8.674262,6.0,6.0
CAT 50,BS110,32.0,63.639005,14.0,28.814755,0.0,0.0,0.830637,3.0,6.0
CAT 50,BS110,25.0,38.508298,1.0,18.9,4.0,8.326118,8.006061,0.0,6.0
CAT 50,WC95,21.0,58.20072,2.0,64.8,4.0,6.7314,6.72826,3.0,6.0
CAT 50,WC95,25.0,48.939151,7.0,27.727135,0.0,0.0,4.13975,0.0,6.0
CAT 50,BS110,14.0,33.906336,3.0,11.097633,1.0,46.8,16.910912,0.0,6.0
CAT 50,WC95,37.0,55.234449,5.0,27.246524,3.0,5.76646,7.695681,2.0,6.0
CAT 50,BS110,15.0,29.42064,11.0,16.659437,4.0,5.295715,10.086931,1.0,6.0
CAT 50,BS110,7.0,12.128178,2.0,7.142976,1.0,3.59629,5.18107,0.0,6.0
CAT 50,BS110,16.0,31.461304,4.0,10.652252,3.0,5.078399,1.849296,0.0,6.0
CAT 50,WC95,18.0,46.071828,3.0,50.1,2.0,2.675138,11.201426,0.0,6.0
CAT 50,S50,32.0,50.516704,6.0,21.103584,0.0,0.0,18.226654,0.0,6.0
CAT 50,BS110,22.0,41.86422,5.0,21.427871,1.0,2.4,1.356249,1.0,6.0
CAT 50,CAS30,16.0,35.011554,8.0,11.315889,0.0,0.0,2.658727,0.0,6.0
CAT 50,S50,42.0,68.429262,2.0,49.5,3.0,4.639272,6.497348,3.0,6.0
CAT 50,BS110,42.0,62.3238,5.0,23.043405,4.0,7.1071,25.417551,1.0,6.0
CAT 50,BS110,21.0,58.618465,2.0,11.634199,0.0,0.0,10.336029,0.0,6.0
CAT 50,S50,18.0,41.99202,5.0,37.132943,1.0,2.279567,0.262347,2.0,6.0
CAT 50,S50,22.0,40.65785,4.0,15.020098,3.0,6.6,4.997472,0.0,6.0
CAT 50,S50,19.0,29.521325,12.0,24.004714,3.0,43.0,5.875372,2.0,6.0
CAT 50,BS110,29.0,55.797984,9.0,14.646971,1.0,18.0,21.216821,1.0,6.0
CAT 50,S50,21.0,39.515429,10.0,15.732995,1.0,3.0,16.174612,0.0,6.0
CAT 50,BS110,6.0,16.129058,0.0,0.0,3.0,4.697784,1.398224,0.0,6.0
CAT 50,WC95,57.0,86.70078,8.0,24.101226,3.0,45.0,28.300839,5.0,6.0
CAT 50,S50,18.0,39.290217,10.0,24.620725,4.0,8.921796,7.741426,0.0,6.0
CAT 50,S50,32.0,55.049699,3.0,13.786194,2.0,4.848937,13.22549,3.0,6.0
CAT 50,CAS30,21.0,40.252464,14.0,29.692404,3.0,7.04004,23.292263,1.0,6.0
CAT 50,WC95,44.0,63.611957,24.0,52.284828,0.0,0.0,23.027448,4.0,6.0
CAT 50,S50,28.0,66.134611,5.0,7.418141,4.0,7.795334,21.43444,2.0,6.0
CAT 50,S50,31.0,62.227373,3.0,11.054256,1.0,8.627712,1.696856,3.0,6.0
CAT 50,BS110,19.0,43.056774,18.0,26.816061,4.0,6.798438,4.062358,0.0,6.0
CAT 50,S50,33.0,63.4062,1.0,6.34062,1.0,1.95096,15.150601,3.0,6.0
CAT 50,WC95,32.0,49.745984,10.0,32.909948,1.0,12.6,19.845081,1.0,6.0
CAT 50,WC95,39.0,69.73209,10.0,15.41854,4.0,47.4,20.883283,2.0,6.0
CAT 50,S50,20.0,29.941443,3.0,14.970721,0.0,0.0,0.577909,0.0,6.0
CAT 50,BS110,9.0,12.8053,2.0,6.40265,0.0,0.0,0.247159,0.0,6.0
CAT 50,WC95,15.0,21.588983,4.0,10.794491,0.0,0.0,0.416696,0.0,6.0
CAT 50,S50,19.0,32.367132,11.0,17.346179,3.0,3.162306,12.076399,0.0,6.0
CAT 50,WC95,34.0,66.585658,8.0,15.781666,1.0,7.8,24.987339,3.0,6.0
CAT 50,BS110,33.0,61.120152,6.0,18.170856,5.0,6.791128,15.217442,3.0,6.0
CAT 50,BS110,27.0,39.742531,3.0,29.4,1.0,5.18832,10.715938,0.0,6.0
CAT 50,S50,50.0,88.800692,16.0,21.644099,3.0,11.976972,18.44206,4.0,6.0
CAT 50,BS110,18.0,43.025358,0.0,0.0,1.0,6.336276,7.062112,0.0,6.0
CAT 50,S50,37.0,57.272379,4.0,4.109521,3.0,9.458422,4.042354,0.0,6.0
CAT 50,WC95,12.0,19.348065,4.0,12.29677,0.0,0.0,7.447427,0.0,6.0
CAT 50,WC95,27.0,53.791437,17.0,29.843195,5.0,8.105559,26.828945,1.0,6.0
CAT 50,BS110,25.0,48.861696,4.0,9.257001,3.0,7.793695,9.122088,2.0,6.0
CAT 50,WC95,14.0,35.720003,7.0,20.982058,3.0,4.866736,6.908155,1.0,6.0
CAT 50,BS110,36.0,58.162626,3.0,18.3,4.0,5.100264,16.940941,2.0,6.0
CAT 50,CAS30,32.0,53.074872,10.0,24.585257,0.0,0.0,21.510984,2.0,6.0
CAT 50,S50,10.0,15.451363,4.0,4.150754,2.0,2.9991,1.821637,0.0,6.0
CAT 50,WC95,36.0,59.802181,15.0,34.76871,0.0,0.0,0.800853,2.0,6.0
CAT 50,WC95,15.0,21.976784,9.0,20.104322,0.0,0.0,1.086493,0.0,6.0
CAT 50,WC95,18.0,29.909032,3.0,9.04811,0.0,0.0,0.203614,0.0,6.0
CAT 50,S50,11.0,18.69331,0.0,0.0,0.0,0.0,3.409704,0.0,6.0
CAT 50,WC95,29.0,48.965333,15.0,28.470072,2.0,19.8,6.398095,0.0,6.0
CAT 50,S50,35.0,71.102196,10.0,38.06154,7.0,12.309264,5.178515,4.0,6.0
CAT 50,WC95,58.0,87.018934,4.0,16.369898,3.0,30.5,5.035342,5.0,6.0
CAT 50,S50,29.0,48.561792,2.0,9.373555,1.0,17.0,10.482887,0.0,6.0
CAT 50,S50,28.0,45.881136,3.0,29.1,0.0,0.0,8.138553,1.0,6.0
CAT 50,BS110,16.0,29.029338,12.0,21.901269,3.0,3.028506,4.794666,1.0,6.0
CAT 50,WC95,17.0,42.566378,1.0,19.2,0.0,0.0,3.299002,0.0,6.0
CAT 50,S50,9.0,12.077406,2.0,1.921406,3.0,13.8,3.494547,0.0,6.0
CAT 50,WC95,35.0,70.558277,21.0,41.263371,1.0,9.6,27.202132,4.0,6.0
CAT 50,BS110,20.0,29.28015,4.0,8.666924,3.0,6.6,10.202617,0.0,6.0
CAT 50,BS110,22.0,42.209002,6.0,10.968787,4.0,9.302642,6.724135,0.0,6.0
CAT 50,WC95,14.0,24.249054,8.0,12.635033,2.0,2.552532,8.926406,0.0,6.0
CAT 50,BS110,14.0,34.838865,12.0,28.417584,4.0,4.645182,14.172681,0.0,6.0
CAT 50,WC95,34.0,50.207152,2.0,221.4,1.0,8.4,8.800225,3.0,6.0
CAT 50,BS110,29.0,49.730177,2.0,29.281019,0.0,0.0,21.948982,1.0,6.0
CAT 50,S50,9.0,17.390083,1.0,2.771328,0.0,0.0,6.512112,0.0,6.0
CAT 50,BS110,10.0,17.017198,1.0,2.711904,0.0,0.0,6.372476,0.0,6.0
CAT 50,S50,4.0,9.182095,1.0,2.200318,3.0,2.031062,0.368927,0.0,6.0
CAT 50,S50,9.0,24.474562,1.0,31.2,2.0,2.998859,1.737896,0.0,6.0
CAT 50,S50,28.0,65.956711,7.0,17.339971,2.0,18.0,18.964526,0.0,6.0
CAT 50,S50,26.0,42.080543,1.0,23.493948,0.0,0.0,9.823957,0.0,6.0
CAT 50,S50,36.0,74.41281,6.0,16.179435,5.0,6.16959,7.241501,4.0,6.0
CAT 50,S50,6.0,13.408308,2.0,6.00372,0.0,0.0,4.395483,0.0,6.0
CAT 50,S50,23.0,49.150602,0.0,0.0,0.0,0.0,6.09375,0.0,6.0
CAT 50,BS110,18.0,26.46216,5.0,9.879206,4.0,8.585501,12.264471,0.0,6.0
CAT 50,BS110,9.0,19.589863,5.0,9.794932,3.0,5.522674,0.44929,0.0,6.0
CAT 50,S50,25.0,40.077139,2.0,9.495629,3.0,13.2,5.745694,0.0,6.0
CAT 50,BS110,40.0,81.722474,3.0,11.915056,4.0,7.270204,24.086205,4.0,6.0
CAT 50,BS110,12.0,29.712758,1.0,13.2,2.0,8.321196,11.646753,0.0,6.0
CAT 50,S50,7.0,11.155662,3.0,62.1,2.0,2.253114,3.122173,0.0,6.0
CAT 50,BS110,14.0,36.463031,3.0,12.518414,2.0,3.192616,10.316697,1.0,6.0
CAT 50,BS110,61.0,94.793446,10.0,16.561251,6.0,10.094477,16.029089,5.0,6.0
CAT 50,S50,10.0,24.752303,0.0,0.0,2.0,4.984397,11.040039,0.0,6.0
CAT 50,BS110,15.0,35.088456,14.0,24.123314,3.0,3.637218,0.185457,0.0,6.0
CAT 50,S50,33.0,68.59607,1.0,9.600518,5.0,11.237248,11.782929,2.0,6.0
CAT 50,BS110,47.0,103.752499,2.0,29.881421,1.0,3.0,21.261496,5.0,6.0
CAT 50,S50,26.0,58.928294,12.0,18.345601,4.0,6.671128,27.140499,2.0,6.0
CAT 50,WC95,24.0,42.12474,0.0,0.0,4.0,15.0,8.565717,0.0,6.0
CAT 50,BS110,41.0,92.723233,10.0,15.527113,3.0,2.783162,35.008441,5.0,6.0
CAT 50,BS110,18.0,27.052291,7.0,10.12843,4.0,3.613444,11.05577,0.0,6.0
CAT 50,BS110,22.0,43.83099,3.0,11.49346,1.0,4.87011,17.315025,1.0,6.0
CAT 50,BS110,44.0,71.036568,22.0,34.697052,3.0,21.0,19.01621,4.0,6.0
CAT 50,BS110,19.0,50.32474,2.0,66.9,1.0,41.4,5.376613,1.0,6.0
CAT 50,WC95,36.0,76.596135,10.0,26.741978,0.0,0.0,9.597256,3.0,6.0
CAT 50,WC95,25.0,42.755784,10.0,33.47465,2.0,5.909336,6.330856,3.0,6.0
CAT 50,S50,18.0,37.698877,12.0,21.22069,1.0,8.0,0.943728,2.0,6.0
CAT 50,S50,19.0,50.737229,7.0,17.324908,0.0,0.0,2.192193,1.0,6.0
CAT 50,S50,10.0,21.012828,5.0,8.251379,3.0,4.527154,8.854353,0.0,6.0
CAT 50,S50,36.0,54.125042,6.0,19.519672,2.0,3.159842,1.243799,3.0,6.0
CAT 50,S50,35.0,55.962224,19.0,33.496062,2.0,4.179751,3.662763,3.0,6.0
CAT 50,BS110,11.0,22.718867,3.0,4.74508,4.0,3.994175,0.817391,0.0,6.0
CAT 50,BS110,34.0,57.52087,12.0,36.530139,2.0,3.6,13.019249,3.0,6.0
CAT 50,BS110,16.0,28.611787,0.0,0.0,0.0,0.0,10.322117,0.0,6.0
CAT 50,CAS30,15.0,33.181186,3.0,13.601297,3.0,4.708141,8.891361,1.0,6.0
CAT 50,BS110,24.0,50.894217,11.0,37.67342,0.0,0.0,13.703241,3.0,6.0
CAT 50,WC95,32.0,65.023502,5.0,10.778352,3.0,6.243199,25.071127,2.0,6.0
CAT 50,WC95,30.0,61.255646,8.0,29.712649,1.0,3.538673,21.854048,3.0,6.0
CAT 50,WC95,37.0,100.893197,3.0,24.0,5.0,4.897728,33.279882,4.0,6.0
CAT 50,BS110,39.0,69.326903,12.0,27.857386,0.0,0.0,18.756025,2.0,6.0
CAT 50,WC95,17.0,47.393431,2.0,26.7,6.0,12.14233,11.024088,0.0,6.0
CAT 50,BS110,25.0,42.201113,3.0,13.005046,1.0,22.2,12.694818,0.0,6.0
CAT 50,S50,14.0,29.775665,3.0,10.516009,2.0,20.0,14.498876,0.0,6.0
CAT 50,S50,42.0,89.101228,0.0,0.0,4.0,8.801793,1.095491,4.0,6.0
CAT 50,WC95,15.0,30.441805,10.0,16.09461,2.0,7.5,14.666871,0.0,6.0
CAT 50,BS110,42.0,65.906333,6.0,13.130275,3.0,31.8,1.779038,2.0,6.0
CAT 50,WC95,18.0,36.409565,0.0,0.0,2.0,25.5,13.987868,0.0,6.0
CAT 50,CAS30,24.0,40.449255,4.0,5.295175,4.0,9.315586,11.786779,0.0,6.0
CAT 50,BS110,46.0,69.306754,0.0,0.0,3.0,5.638049,33.248663,3.0,6.0
CAT 50,BS110,17.0,25.423639,7.0,21.521992,1.0,3.104537,8.657746,0.0,6.0
CAT 50,S50,11.0,21.351584,3.0,197.1,1.0,1.482106,3.432615,1.0,6.0
CAT 50,S50,17.0,38.993978,4.0,7.8295,2.0,27.0,14.619962,0.0,6.0
CAT 50,BS110,15.0,29.326428,3.0,9.602968,2.0,17.0,3.25797,0.0,6.0
CAT 50,S50,12.0,20.52024,5.0,12.667302,2.0,33.0,6.677659,0.0,6.0
CAT 50,WC95,28.0,62.404911,4.0,8.016241,3.0,3.65297,2.11195,3.0,6.0
CAT 50,WC95,29.0,53.256638,10.0,19.126685,0.0,0.0,5.410558,3.0,6.0
CAT 50,S50,11.0,22.247676,3.0,39.3,2.0,3.56301,2.933745,0.0,6.0
CAT 50,WC95,19.0,40.052401,12.0,19.521338,6.0,9.162314,11.194346,1.0,6.0
CAT 50,S50,32.0,68.782476,14.0,26.811128,1.0,3.6,26.028582,3.0,6.0
CAT 50,WC95,28.0,58.657599,2.0,4.443758,5.0,8.36472,21.431775,2.0,6.0
CAT 50,WC95,19.0,55.32165,3.0,39.096825,0.0,0.0,0.476733,3.0,6.0
CAT 50,WC95,48.0,75.719405,5.0,7.787957,2.0,7.2,16.720655,3.0,6.0
CAT 50,BS110,30.0,63.953266,3.0,28.057928,2.0,4.545698,26.950061,2.0,6.0
CAT 50,S50,40.0,62.015656,4.0,6.32498,4.0,12.187156,21.182616,0.0,6.0
CAT 50,S50,32.0,69.55483,4.0,19.863381,5.0,10.558608,18.194274,4.0,6.0
CAT 50,WC95,11.0,26.828736,6.0,12.591214,1.0,1.52436,6.7688,1.0,6.0
CAT 50,BS110,25.0,48.855312,12.0,21.9962,2.0,5.089095,2.754067,2.0,6.0
CAT 50,S50,15.0,31.380967,5.0,9.307914,0.0,0.0,3.424505,0.0,6.0
CAT 50,WC95,30.0,46.087592,21.0,33.354346,1.0,7.2,10.520153,2.0,6.0
CAT 50,S50,9.0,22.193298,7.0,9.955872,1.0,5.0,9.312473,0.0,6.0
CAT 50,BS110,30.0,62.334156,7.0,10.132263,5.0,7.999155,18.843708,2.0,6.0
CAT 50,BS110,13.0,25.026921,12.0,15.789235,7.0,8.648046,14.234405,0.0,6.0
CAT 50,S50,25.0,35.913942,24.0,35.204531,1.0,3.6,9.087112,2.0,6.0
CAT 50,S50,25.0,63.711296,6.0,10.948003,3.0,17.4,20.4883,0.0,6.0
CAT 50,WC95,27.0,43.22964,21.0,34.392993,3.0,32.0,10.874553,2.0,6.0
CAT 50,S50,24.0,49.741213,2.0,6.444875,0.0,0.0,8.582649,2.0,6.0
CAT 50,CAS30,12.0,34.325915,0.0,0.0,2.0,3.28871,11.980536,0.0,6.0
CAT 50,BS110,8.0,16.650933,6.0,10.377791,2.0,2.24594,8.420001,0.0,6.0
CAT 50,WC95,17.0,32.395507,3.0,8.613091,4.0,8.355984,6.114522,0.0,6.0
CAT 50,BS110,27.0,39.538301,2.0,7.608522,2.0,1.950903,6.78658,0.0,6.0
CAT 50,S50,15.0,22.073702,5.0,14.3709,2.0,3.67895,11.44177,1.0,6.0
CAT 50,WC95,8.0,13.025993,2.0,2.554985,2.0,2.018389,5.512501,0.0,6.0
CAT 50,BS110,26.0,53.90616,2.0,2.935961,0.0,0.0,18.917766,1.0,6.0
CAT 50,WC95,30.0,61.877475,4.0,13.774464,5.0,7.855749,2.352319,3.0,6.0
CAT 50,S50,50.0,75.833625,1.0,15.9,6.0,8.978701,6.697781,3.0,6.0
CAT 50,BS110,16.0,33.387651,2.0,22.645537,2.0,3.871032,4.10004,1.0,6.0
CAT 50,WC95,13.0,23.174876,6.0,16.087414,1.0,35.4,12.482444,0.0,6.0
CAT 50,CAS30,27.0,43.260497,2.0,4.210468,4.0,4.540701,8.321327,1.0,6.0
CAT 50,WC95,18.0,36.622046,10.0,22.229102,4.0,6.476825,8.020107,2.0,6.0
CAT 50,BS110,23.0,47.067408,24.0,44.920474,1.0,3.6,5.315002,1.0,6.0
CAT 50,WC95,38.0,73.27489,6.0,33.93127,2.0,8.4,3.14496,4.0,6.0
CAT 50,S50,28.0,61.132596,2.0,21.3,1.0,5.4,3.197422,0.0,6.0
CAT 50,BS110,42.0,74.800502,4.0,5.369968,0.0,0.0,22.20256,2.0,6.0
CAT 50,S50,49.0,74.229906,4.0,12.393983,0.0,0.0,19.963597,2.0,6.0
CAT 50,S50,16.0,33.412995,0.0,0.0,3.0,42.0,14.651589,0.0,6.0
CAT 50,S50,27.0,47.7023,1.0,4.801544,2.0,18.6,3.278905,0.0,6.0
CAT 50,S50,38.0,57.54551,5.0,12.102826,0.0,0.0,20.272758,0.0,6.0
CAT 50,S50,15.0,39.484584,7.0,11.309165,0.0,0.0,8.740162,0.0,6.0
CAT 50,WC95,17.0,36.24324,3.0,12.561577,2.0,4.859889,9.546199,1.0,6.0
CAT 50,BS110,14.0,30.344485,4.0,6.337772,4.0,5.334825,1.091749,0.0,6.0
CAT 50,WC95,29.0,62.383349,3.0,11.635423,3.0,5.571893,20.323711,3.0,6.0
CAT 50,WC95,14.0,28.28139,7.0,11.105619,3.0,6.093145,11.917169,0.0,6.0
CAT 50,S50,13.0,29.255796,7.0,11.488252,3.0,6.303078,12.327763,0.0,6.0
CAT 50,WC95,20.0,48.77163,10.0,26.099678,0.0,0.0,25.459225,3.0,6.0
CAT 50,S50,28.0,61.335926,16.0,48.896625,3.0,7.5,32.318563,3.0,6.0
CAT 50,WC95,15.0,20.510388,7.0,11.05282,0.0,0.0,3.826085,0.0,6.0
CAT 50,WC95,41.0,73.310573,2.0,5.034445,2.0,3.054607,11.240064,3.0,6.0
CAT 50,WC95,12.0,31.745779,6.0,11.831182,0.0,0.0,4.672232,1.0,6.0
CAT 50,WC95,29.0,50.453525,22.0,33.821174,3.0,7.295975,25.996408,3.0,6.0
CAT 50,BS110,18.0,44.932507,7.0,12.358284,0.0,0.0,10.828296,2.0,6.0
CAT 50,S50,22.0,46.708952,11.0,19.590738,4.0,13.510854,19.523028,0.0,6.0
CAT 50,BS110,19.0,41.583788,3.0,2.711986,3.0,3.698163,4.032607,0.0,6.0
CAT 50,WC95,24.0,53.59674,24.0,37.07211,3.0,31.2,23.694971,3.0,6.0
CAT 50,WC95,23.0,48.961968,6.0,7.845043,2.0,5.100205,11.718199,0.0,6.0
CAT 50,WC95,7.0,18.002363,1.0,4.31393,3.0,3.98209,0.723316,0.0,6.0
CAT 50,WC95,39.0,61.987678,6.0,9.105854,1.0,34.2,16.558741,2.0,6.0
CAT 50,BS110,7.0,15.57696,2.0,7.1736,5.0,6.35376,3.195222,0.0,6.0
CAT 50,WC95,24.0,35.244742,0.0,0.0,4.0,5.453341,3.558194,0.0,6.0
CAT 50,S50,11.0,25.452819,4.0,6.409651,3.0,1.362438,2.01637,0.0,6.0
CAT 50,BS110,13.0,29.448818,5.0,16.792444,0.0,0.0,9.326455,0.0,6.0
CAT 50,S50,18.0,40.450381,0.0,0.0,2.0,4.257935,10.887107,1.0,6.0
CAT 50,BS110,18.0,40.57968,13.0,22.470998,0.0,0.0,14.366103,1.0,6.0
CAT 50,BS110,8.0,12.159878,5.0,7.167408,2.0,2.965824,1.504708,0.0,6.0
CAT 50,WC95,28.0,65.503582,12.0,19.394915,1.0,4.8,10.948134,3.0,6.0
CAT 50,WC95,17.0,26.044262,10.0,14.59903,3.0,17.4,6.149578,0.0,6.0
CAT 50,S50,19.0,40.933599,1.0,54.0,0.0,0.0,6.428885,1.0,6.0
CAT 50,S50,16.0,39.169368,2.0,6.471461,0.0,0.0,3.449585,0.0,6.0
CAT 50,BS110,15.0,27.593101,4.0,6.031658,5.0,9.012822,6.77133,0.0,6.0
CAT 50,WC95,17.0,40.604814,7.0,16.492573,0.0,0.0,4.047464,1.0,6.0
CAT 50,BS110,7.0,12.22011,2.0,7.19712,2.0,3.62355,5.220343,0.0,6.0
CAT 50,BS110,15.0,35.594945,2.0,27.546088,2.0,2.999574,9.051092,1.0,6.0
CAT 50,WC95,14.0,24.494779,5.0,17.17297,0.0,0.0,4.101482,0.0,6.0
CAT 50,BS110,14.0,35.699652,10.0,21.419791,0.0,0.0,15.414534,1.0,6.0
CAT 50,WC95,39.0,68.266319,14.0,21.36392,1.0,4.8,0.080596,1.0,6.0
CAT 50,S50,36.0,68.531638,4.0,42.9,4.0,21.0,15.01784,2.0,6.0
CAT 50,BS110,29.0,55.337485,5.0,28.730373,3.0,5.838967,22.80495,2.0,6.0
CAT 50,WC95,22.0,36.36569,5.0,7.961719,2.0,4.08845,14.474446,0.0,6.0
CAT 50,BS110,19.0,47.454869,11.0,20.324663,3.0,28.2,14.366087,3.0,6.0
CAT 50,S50,22.0,54.93324,4.0,37.2,2.0,5.61146,8.698109,0.0,6.0
CAT 50,WC95,32.0,51.112051,11.0,33.142971,2.0,9.127152,2.66621,3.0,6.0
CAT 50,S50,34.0,56.275603,8.0,14.04346,2.0,35.0,2.712489,3.0,6.0
CAT 50,BS110,33.0,54.866225,3.0,9.66857,2.0,18.6,2.935327,1.0,6.0
CAT 50,S50,18.0,36.127569,3.0,18.114668,4.0,6.309604,1.686164,1.0,6.0
CAT 50,WC95,9.0,19.733899,3.0,17.737474,3.0,12.0,9.184706,0.0,6.0
CAT 50,BS110,29.0,68.985432,4.0,5.748786,2.0,41.0,8.471483,2.0,6.0
CAT 50,WC95,12.0,27.36496,1.0,1.947684,1.0,12.0,3.239561,0.0,6.0
CAT 50,WC95,21.0,49.48127,1.0,46.2,0.0,0.0,20.82233,1.0,6.0
CAT 50,S50,22.0,55.750608,2.0,67.8,5.0,8.318808,16.449907,0.0,6.0
CAT 50,BS110,56.0,85.255925,1.0,72.9,3.0,12.6,19.996528,4.0,6.0
CAT 50,S50,22.0,51.148432,3.0,47.1,3.0,9.6,15.831409,0.0,6.0
CAT 50,S50,16.0,37.215625,3.0,3.413267,3.0,8.36801,4.727281,0.0,6.0
CAT 50,S50,15.0,33.95712,16.0,28.90944,2.0,3.9196,12.5267,0.0,6.0
CAT 50,BS110,12.0,19.69416,6.0,10.90902,2.0,8.0,2.490364,0.0,6.0
CAT 50,WC95,42.0,76.858367,5.0,8.744721,2.0,2.379516,10.823496,3.0,6.0
CAT 50,BS110,35.0,56.572032,22.0,36.634752,0.0,0.0,22.096151,3.0,6.0
CAT 50,BS110,22.0,39.779842,5.0,10.713773,0.0,0.0,9.683417,0.0,6.0
CAT 50,BS110,33.0,53.996616,16.0,32.896587,4.0,8.391366,6.701995,3.0,6.0
CAT 50,WC95,57.0,84.874858,8.0,20.580024,1.0,23.4,19.545751,5.0,6.0
CAT 50,S50,17.0,31.123572,7.0,11.001821,2.0,4.487585,5.100982,1.0,6.0
CAT 50,WC95,18.0,33.651341,1.0,2.77924,3.0,3.154813,7.664806,0.0,6.0
CAT 50,S50,8.0,17.990874,10.0,15.810162,1.0,1.998986,10.887044,0.0,6.0
CAT 50,WC95,6.0,11.969001,7.0,10.518213,1.0,1.329889,7.242952,0.0,6.0
CAT 50,BS110,38.0,70.205371,1.0,95.7,1.0,3.132364,22.777856,4.0,6.0
CAT 50,WC95,14.0,34.581128,1.0,4.218341,0.0,0.0,3.006849,0.0,6.0
CAT 50,WC95,34.0,87.12193,5.0,9.854006,6.0,11.261722,13.599753,3.0,6.0
CAT 50,WC95,26.0,49.774388,1.0,3.178738,2.0,5.659705,18.521723,2.0,6.0
CAT 50,CAS30,20.0,29.384003,2.0,21.375916,3.0,3.657236,7.274697,0.0,6.0
CAT 50,S50,34.0,82.037084,3.0,17.071301,0.0,0.0,15.236997,3.0,6.0
CAT 50,S50,15.0,29.650509,1.0,51.0,3.0,5.22653,13.408673,0.0,6.0
CAT 50,WC95,9.0,19.162233,1.0,1.36386,1.0,12.0,2.268493,0.0,6.0
CAT 50,WC95,28.0,67.64843,15.0,22.10733,2.0,3.095026,8.620782,2.0,6.0
CAT 50,S50,10.0,20.733867,3.0,14.136728,1.0,5.780351,6.178666,0.0,6.0
CAT 50,S50,11.0,23.95496,9.0,19.609149,0.0,0.0,12.879496,0.0,6.0
CAT 50,WC95,15.0,26.263393,7.0,15.599711,1.0,7.450608,8.843238,0.0,6.0
CAT 50,WC95,14.0,34.660872,4.0,6.210073,3.0,4.81401,6.487844,0.0,6.0
CAT 50,S50,8.0,17.65951,6.0,15.520342,1.0,5.5,8.872685,0.0,6.0
CAT 50,WC95,34.0,85.089186,0.0,0.0,0.0,0.0,7.506126,3.0,6.0
CAT 50,WC95,9.0,20.043674,4.0,5.421065,2.0,21.6,2.741604,0.0,6.0
CAT 50,WC95,25.0,60.858636,5.0,22.997024,2.0,4.2,17.50581,3.0,6.0
CAT 50,BS110,10.0,21.834317,2.0,13.954594,2.0,3.081456,7.044852,0.0,6.0
CAT 50,S50,15.0,36.94662,4.0,5.823915,0.0,0.0,4.062083,0.0,6.0
CAT 50,WC95,30.0,47.042096,0.0,0.0,2.0,7.2,11.874051,1.0,6.0
CAT 50,BS110,5.0,10.26135,6.0,9.01755,1.0,1.14015,6.20958,0.0,6.0
CAT 50,S50,25.0,43.944768,0.0,0.0,3.0,6.408612,16.230754,0.0,6.0
CAT 50,WC95,27.0,41.937792,3.0,52.5,0.0,0.0,1.023418,0.0,6.0
CAT 50,BS110,13.0,35.069422,15.0,22.387084,3.0,5.5,6.741534,0.0,6.0
CAT 50,BS110,26.0,40.911876,3.0,14.663106,1.0,4.2,16.473709,2.0,6.0
CAT 50,S50,9.0,21.853378,4.0,4.719309,3.0,6.972673,5.650356,0.0,6.0
CAT 50,BS110,14.0,20.291244,3.0,3.484801,3.0,6.528487,7.866841,0.0,6.0
CAT 50,WC95,14.0,24.750661,1.0,7.198258,2.0,1.914808,10.91413,0.0,6.0
CAT 50,S50,11.0,27.033139,3.0,7.445568,4.0,5.956454,3.943178,0.0,6.0
CAT 50,WC95,37.0,67.343525,2.0,40.172385,0.0,0.0,15.040943,3.0,6.0
CAT 50,WC95,39.0,70.945827,7.0,19.403256,4.0,8.832613,26.509999,1.0,6.0
CAT 50,S50,19.0,45.247289,3.0,13.029324,4.0,9.475872,21.292501,0.0,6.0
CAT 50,BS110,27.0,51.709842,3.0,34.235482,3.0,7.845631,30.734706,3.0,6.0
CAT 50,S50,19.0,46.297406,12.0,18.840956,2.0,3.306958,4.379941,2.0,6.0
CAT 50,S50,18.0,32.55938,4.0,11.186045,3.0,5.576377,0.62041,0.0,6.0
CAT 50,BS110,29.0,53.336129,8.0,41.672648,2.0,5.831741,7.732594,4.0,6.0
CAT 50,S50,26.0,48.31689,3.0,6.079965,3.0,3.04895,11.352748,0.0,6.0
CAT 50,BS110,36.0,66.873509,7.0,26.672831,6.0,10.209696,21.038787,4.0,6.0
CAT 50,WC95,21.0,37.896057,1.0,9.588159,0.0,0.0,4.870668,0.0,6.0
CAT 50,S50,25.0,46.02849,14.0,30.881906,2.0,25.2,25.561304,2.0,6.0
CAT 50,WC95,37.0,56.666848,4.0,10.088773,3.0,18.6,7.8237,2.0,6.0
CAT 50,BS110,18.0,42.453533,7.0,13.751749,0.0,0.0,10.106247,0.0,6.0
CAT 50,BS110,51.0,81.134079,7.0,14.673185,3.0,6.6,6.122475,4.0,6.0
CAT 50,S50,35.0,55.464811,7.0,42.432096,1.0,9.092592,10.058489,3.0,6.0
CAT 50,S50,25.0,61.21962,5.0,5.69793,8.0,10.73331,17.092052,1.0,6.0
CAT 50,BS110,16.0,36.687572,0.0,0.0,3.0,6.651571,5.837701,0.0,6.0
CAT 50,WC95,25.0,69.135486,13.0,45.983137,0.0,0.0,2.645409,4.0,6.0
CAT 50,S50,39.0,63.736884,10.0,19.430337,2.0,3.227184,17.751523,2.0,6.0
CAT 50,S50,40.0,61.88832,6.0,16.574688,0.0,0.0,29.780235,3.0,6.0
CAT 50,WC95,20.0,36.02727,3.0,6.120762,0.0,0.0,6.187074,0.0,6.0
CAT 50,BS110,34.0,61.687764,1.0,2.217534,3.0,3.830286,10.589362,2.0,6.0
CAT 50,BS110,12.0,20.993828,3.0,11.386483,3.0,8.104962,5.504784,0.0,6.0
CAT 50,WC95,15.0,26.481852,10.0,14.668869,2.0,8.0,3.34868,0.0,6.0
CAT 50,WC95,14.0,24.173597,9.0,16.658489,0.0,0.0,5.081106,0.0,6.0
CAT 50,BS110,14.0,28.024364,4.0,20.830762,0.0,0.0,17.336333,1.0,6.0
CAT 50,BS110,9.0,16.810445,3.0,24.3,0.0,0.0,8.638101,0.0,6.0
CAT 50,WC95,38.0,73.092572,2.0,28.055049,0.0,0.0,20.737818,4.0,6.0
CAT 50,BS110,17.0,30.315542,10.0,14.154683,1.0,7.8,2.602705,0.0,6.0
CAT 50,S50,13.0,21.125851,0.0,0.0,3.0,3.967296,7.865259,0.0,6.0
CAT 50,WC95,22.0,48.770125,2.0,13.168842,0.0,0.0,5.328995,2.0,6.0
CAT 50,BS110,30.0,49.587721,3.0,24.958786,2.0,4.031522,8.903679,2.0,6.0
CAT 50,S50,17.0,37.724989,7.0,13.166129,3.0,4.478275,0.938493,0.0,6.0
CAT 50,WC95,18.0,36.718021,11.0,29.466983,2.0,2.622716,17.040132,0.0,6.0
CAT 50,BS110,49.0,79.256823,0.0,0.0,0.0,0.0,13.252502,3.0,6.0
CAT 50,BS110,15.0,24.940897,5.0,14.618915,3.0,5.5,10.46405,0.0,6.0
CAT 50,S50,10.0,21.708648,1.0,17.688528,3.0,7.5,10.169718,0.0,6.0
CAT 50,WC95,18.0,41.322334,3.0,3.94259,1.0,3.0,6.971483,0.0,6.0
CAT 50,S50,15.0,27.313866,8.0,15.584971,2.0,48.0,4.535464,0.0,6.0
CAT 50,S50,54.0,91.255172,3.0,5.227383,2.0,11.201535,27.487689,4.0,6.0
CAT 50,S50,18.0,28.248125,8.0,9.028673,3.0,4.916604,7.651792,0.0,6.0
CAT 50,BS110,13.0,46.960592,2.0,13.469317,3.0,4.651566,15.800754,0.0,6.0
CAT 50,BS110,10.0,42.586681,5.0,9.894675,6.0,11.082036,4.648157,0.0,6.0
CAT 50,BS110,15.0,51.8433,3.0,5.54187,4.0,6.07818,18.801766,2.0,6.0
CAT 50,S50,14.0,45.109289,3.0,6.132175,2.0,5.320152,11.836511,1.0,6.0
CAT 50,WC95,4.0,20.88518,2.0,15.318866,3.0,2.30013,1.157135,0.0,6.0
CAT 50,S50,14.0,48.862022,14.0,20.825554,2.0,15.0,18.208642,2.0,6.0
CAT 50,BS110,19.0,63.152189,23.0,55.972474,0.0,0.0,4.359129,4.0,6.0
CAT 50,WC95,15.0,42.607094,4.0,8.616571,4.0,5.198136,12.062388,0.0,6.0
CAT 50,WC95,15.0,82.436334,7.0,11.736698,4.0,5.356033,24.002704,3.0,6.0
CAT 50,BS110,4.0,32.527159,4.0,9.122761,3.0,11.0,10.20964,1.0,6.0
CAT 50,S50,6.0,21.629758,3.0,5.658418,2.0,19.0,9.556718,0.0,6.0
CAT 50,BS110,5.0,16.592405,6.0,12.79841,3.0,22.0,7.83993,0.0,6.0
CAT 50,BS110,6.0,32.848769,6.0,8.593349,2.0,19.0,14.513636,0.0,6.0
CAT 50,BS110,8.0,31.628655,2.0,3.288128,2.0,1.691037,6.716636,0.0,6.0
CAT 50,S50,4.0,10.994616,0.0,0.0,0.0,0.0,4.428137,0.0,6.0
CAT 50,S50,15.0,58.679953,0.0,0.0,0.0,0.0,12.336894,0.0,6.0
CAT 50,S50,8.0,32.185578,4.0,27.063085,2.0,31.0,6.84311,1.0,6.0
CAT 50,WC95,16.0,89.980022,6.0,24.469758,6.0,12.020232,40.982351,4.0,6.0
CAT 50,WC95,7.0,29.48972,4.0,5.41267,3.0,9.5,11.295649,1.0,6.0
CAT 50,S50,15.0,56.962786,16.0,30.911353,1.0,6.6,12.542712,3.0,6.0
CAT 50,WC95,9.0,47.238993,24.0,33.941641,0.0,0.0,7.88077,2.0,6.0
CAT 50,WC95,7.0,30.949459,4.0,13.980011,2.0,3.429059,12.561323,0.0,6.0
CAT 50,WC95,8.0,41.490152,13.0,29.889631,3.0,5.120951,14.550665,2.0,6.0
CAT 50,WC95,12.0,38.04599,1.0,3.728939,2.0,2.612059,4.279828,0.0,6.0
CAT 50,BS110,19.0,64.633386,9.0,15.106175,5.0,6.914269,6.691864,1.0,6.0
CAT 50,S50,10.0,30.951566,4.0,6.243286,2.0,4.918953,2.780614,0.0,6.0
CAT 50,BS110,21.0,67.063464,6.0,39.855699,3.0,19.0,30.661209,4.0,6.0
CAT 50,S50,7.0,23.57553,4.0,10.844744,1.0,42.0,7.49448,0.0,6.0
CAT 50,BS110,5.0,34.757798,14.0,21.582772,2.0,44.0,2.424682,2.0,6.0
CAT 50,WC95,11.0,63.079248,3.0,5.005201,3.0,6.6,15.345007,0.0,6.0
CAT 50,S50,16.0,51.841703,5.0,20.489304,2.0,2.366219,10.750888,2.0,6.0
CAT 50,WC95,16.0,67.554293,15.0,24.147377,1.0,5.98213,13.549659,2.0,6.0
CAT 50,WC95,13.0,49.264963,11.0,30.790602,2.0,1.836632,24.106477,3.0,6.0
CAT 50,BS110,8.0,15.905873,7.0,13.429301,3.0,7.2,7.691222,0.0,6.0
CAT 50,WC95,6.0,31.692012,11.0,16.77491,0.0,0.0,7.242062,0.0,6.0
CAT 50,BS110,7.0,65.33996,9.0,17.806271,0.0,0.0,24.424466,1.0,6.0
CAT 50,BS110,6.0,32.083817,2.0,11.244811,1.0,4.436026,9.639621,0.0,6.0
CAT 50,WC95,14.0,52.572865,5.0,11.029612,1.0,4.8,14.44065,2.0,6.0
CAT 50,BS110,9.0,48.227414,18.0,35.196608,3.0,5.23919,16.38539,2.0,6.0
CAT 50,BS110,4.0,23.304644,2.0,2.99425,0.0,0.0,0.187786,0.0,6.0
CAT 50,S50,18.0,61.375776,9.0,20.131716,3.0,5.96068,23.695367,3.0,6.0
CAT 50,WC95,10.0,29.428165,6.0,9.91515,4.0,5.31452,12.46313,0.0,6.0
CAT 50,S50,9.0,34.749389,7.0,15.328051,2.0,26.4,8.953424,1.0,6.0
CAT 50,WC95,9.0,48.469687,0.0,0.0,5.0,9.302263,13.718292,0.0,6.0
CAT 50,BS110,23.0,78.240463,5.0,22.604492,2.0,11.4,1.250563,3.0,6.0
CAT 50,S50,10.0,26.818938,6.0,10.418868,3.0,5.112963,12.183094,0.0,6.0
CAT 50,WC95,15.0,44.959329,15.0,23.321599,1.0,9.598059,12.375122,0.0,6.0
CAT 50,BS110,16.0,64.110854,0.0,0.0,2.0,4.576832,9.370162,2.0,6.0
CAT 50,BS110,8.0,24.130177,1.0,15.779952,0.0,0.0,11.176376,1.0,6.0
CAT 50,S50,19.0,72.621562,11.0,17.016725,2.0,4.934218,5.335624,3.0,6.0
CAT 50,BS110,6.0,47.678136,5.0,12.828651,3.0,3.636468,4.688622,1.0,6.0
CAT 50,WC95,3.0,48.384735,6.0,17.017778,1.0,3.0,15.234301,2.0,6.0
CAT 50,BS110,2.0,11.091492,8.0,9.208677,1.0,1.71165,0.557534,0.0,6.0
CAT 50,S50,5.0,23.397984,14.0,19.426104,1.0,3.6108,1.176142,0.0,6.0
CAT 50,BS110,12.0,73.697275,33.0,47.101501,3.0,4.162817,19.90698,5.0,6.0
CAT 50,BS110,20.0,74.86006,15.0,38.137592,0.0,0.0,5.660033,4.0,6.0
CAT 50,S50,6.0,37.91333,5.0,12.9283,1.0,15.6,11.397413,0.0,6.0
CAT 50,WC95,18.0,49.71648,7.0,14.125056,1.0,3.345408,0.624545,2.0,6.0
CAT 50,WC95,16.0,63.09082,4.0,6.337565,4.0,10.966124,24.996689,1.0,6.0
CAT 50,WC95,12.0,62.92235,17.0,46.708316,5.0,10.710187,17.720151,4.0,6.0
CAT 50,WC95,9.0,35.533055,9.0,12.803033,1.0,7.2,8.96269,0.0,6.0
CAT 50,BS110,13.0,40.005997,21.0,33.452308,0.0,0.0,2.660836,1.0,6.0
CAT 50,CAS30,10.0,37.933156,8.0,14.736622,5.0,10.574891,13.929326,0.0,6.0
CAT 50,BS110,8.0,39.125856,4.0,69.3,2.0,49.5,0.807893,0.0,6.0
CAT 50,S50,9.0,51.133975,11.0,27.503881,0.0,0.0,16.359281,2.0,6.0
CAT 50,BS110,8.0,30.404667,7.0,25.811817,2.0,12.5,3.870312,1.0,6.0
CAT 50,BS110,12.0,34.54074,3.0,62.4,2.0,12.0,8.324831,0.0,6.0
CAT 50,BS110,15.0,40.740427,8.0,11.623236,2.0,24.0,2.664135,1.0,6.0
CAT 50,BS110,3.0,32.985441,7.0,11.943004,0.0,0.0,3.666612,0.0,6.0
CAT 50,WC95,20.0,70.742682,5.0,27.612466,4.0,7.150336,8.275195,3.0,6.0
CAT 50,BS110,5.0,78.762256,10.0,14.273226,4.0,5.406525,13.780739,4.0,6.0
CAT 50,BS110,13.0,50.161397,24.0,42.552646,0.0,0.0,8.762376,2.0,6.0
CAT 50,S50,17.0,45.775114,7.0,14.384936,2.0,3.6,6.056053,0.0,6.0
CAT 50,BS110,5.0,13.704908,7.0,9.86979,0.0,0.0,7.805742,0.0,6.0
CAT 50,S50,8.0,37.346839,7.0,20.682895,4.0,7.841856,10.83133,1.0,6.0
CAT 50,BS110,13.0,75.120355,5.0,7.894814,4.0,8.612525,17.191623,4.0,6.0
CAT 50,CAS30,5.0,38.145403,3.0,3.6265,4.0,6.827669,10.918685,0.0,6.0
CAT 50,WC95,4.0,19.85855,1.0,5.685311,1.0,7.5,4.006557,0.0,6.0
CAT 50,BS110,4.0,41.665621,21.0,35.103604,1.0,3.0,23.431456,1.0,6.0
CAT 50,S50,12.0,48.907322,4.0,6.851481,3.0,8.021246,10.99165,1.0,6.0
CAT 50,S50,8.0,42.319626,7.0,27.352929,2.0,5.88346,5.295331,2.0,6.0
CAT 50,BS110,4.0,24.823498,5.0,14.315392,1.0,7.919153,4.432162,0.0,6.0
CAT 50,CAS30,28.0,78.112008,8.0,29.141788,4.0,10.01436,23.768033,4.0,6.0
CAT 50,S50,6.0,46.561813,5.0,6.569568,2.0,7.8,17.65967,1.0,6.0
CAT 50,WC95,9.0,62.533301,17.0,32.607847,2.0,7.208933,22.388514,2.0,6.0
CAT 50,BS110,6.0,37.205462,4.0,6.572222,0.0,0.0,10.137241,0.0,6.0
CAT 50,S50,5.0,31.77113,0.0,0.0,4.0,3.212562,3.400927,0.0,6.0
CAT 50,S50,16.0,45.770458,6.0,10.165537,1.0,1.873047,14.389683,0.0,6.0
CAT 50,S50,2.0,26.406778,7.0,8.405165,1.0,0.926554,4.093441,0.0,6.0
CAT 50,WC95,5.0,41.091451,4.0,29.84945,2.0,48.6,2.308739,1.0,6.0
CAT 50,WC95,23.0,68.316338,7.0,14.030305,3.0,6.748754,16.310029,3.0,6.0
CAT 50,S50,8.0,22.503679,4.0,10.038816,4.0,5.605006,11.486057,0.0,6.0
CAT 50,S50,0.0,0.0,9.0,20.151123,0.0,0.0,12.622862,0.0,6.0
CAT 50,WC95,8.0,49.62573,3.0,31.749795,1.0,5.015934,12.800289,3.0,6.0
CAT 50,S50,6.0,14.327514,2.0,3.374834,2.0,3.436947,5.71179,0.0,6.0
CAT 50,BS110,21.0,60.615634,22.0,46.605416,1.0,40.2,4.60992,4.0,6.0
CAT 50,S50,11.0,65.587845,8.0,19.814798,1.0,43.8,20.244167,1.0,6.0
CAT 50,CAS30,7.0,53.28167,7.0,16.861957,2.0,26.5,11.043288,2.0,6.0
CAT 50,BS110,5.0,31.293151,5.0,18.495798,3.0,3.21946,9.736953,0.0,6.0
CAT 50,WC95,17.0,53.46648,11.0,18.688515,2.0,9.6,21.973143,1.0,6.0
CAT 50,S50,14.0,89.431492,3.0,9.9,0.0,0.0,28.768882,4.0,6.0
CAT 50,S50,6.0,37.220143,4.0,6.493234,4.0,7.072987,10.529223,0.0,6.0
CAT 50,BS110,20.0,63.152131,3.0,3.276229,2.0,5.535697,19.12056,2.0,6.0
CAT 50,BS110,2.0,59.745644,15.0,36.989339,4.0,8.771521,31.891899,2.0,6.0
CAT 50,S50,9.0,47.122819,9.0,23.815304,4.0,7.701466,25.194716,3.0,6.0
CAT 50,WC95,21.0,85.835369,6.0,15.34487,5.0,5.914169,0.981489,3.0,6.0
CAT 50,WC95,10.0,59.159914,7.0,36.724268,3.0,11.4,27.592255,3.0,6.0
CAT 50,WC95,12.0,43.392162,8.0,9.965664,5.0,8.616147,19.154434,1.0,6.0
CAT 50,BS110,4.0,31.284792,3.0,6.17463,4.0,9.526572,11.966781,0.0,6.0
CAT 50,WC95,11.0,52.176264,3.0,23.347782,1.0,3.6,20.09387,2.0,6.0
CAT 50,S50,10.0,58.952294,9.0,41.511168,2.0,10.0,9.381058,4.0,6.0
CAT 50,BS110,10.0,56.254961,19.0,29.21395,1.0,6.538935,4.328246,3.0,6.0
CAT 50,WC95,14.0,58.2981,7.0,23.943862,3.0,28.2,0.215356,3.0,6.0
CAT 50,S50,7.0,55.50255,11.0,31.513115,1.0,16.8,18.083091,3.0,6.0
CAT 50,BS110,8.0,55.3554,2.0,71.1,1.0,3.69036,23.168463,1.0,6.0
CAT 50,WC95,21.0,59.627251,2.0,4.590208,1.0,2.908646,7.88594,3.0,6.0
CAT 50,WC95,21.0,71.787233,7.0,14.955674,0.0,0.0,9.37785,3.0,6.0
CAT 50,S50,17.0,61.166761,7.0,9.549241,1.0,2.322788,2.384755,1.0,6.0
CAT 50,S50,10.0,59.252559,12.0,28.0423,3.0,7.978562,1.790444,4.0,6.0
CAT 50,BS110,9.0,28.208722,4.0,15.394394,2.0,7.2,10.923915,0.0,6.0
CAT 50,CAS30,3.0,53.664125,8.0,16.878233,1.0,2.380264,23.543767,2.0,6.0
CAT 50,WC95,3.0,38.436882,9.0,22.244323,5.0,6.542448,7.722729,2.0,6.0
CAT 50,BS110,4.0,23.237928,1.0,7.972587,1.0,3.759682,6.0344,0.0,6.0
CAT 50,CAS30,7.0,36.42763,4.0,5.770714,0.0,0.0,1.020972,0.0,6.0
CAT 50,WC95,10.0,26.113525,8.0,17.0636,3.0,5.664839,13.177805,0.0,6.0
CAT 50,BS110,19.0,75.491645,6.0,9.568434,3.0,3.695395,13.61626,3.0,6.0
CAT 50,WC95,7.0,41.342238,6.0,20.17895,0.0,0.0,14.501385,1.0,6.0
CAT 50,BS110,12.0,57.780383,5.0,9.945804,2.0,3.6,19.690688,2.0,6.0
CAT 50,S50,17.0,43.573725,3.0,14.412848,0.0,0.0,0.068393,0.0,6.0
CAT 50,BS110,2.0,43.19411,7.0,16.499614,3.0,5.231585,17.55902,0.0,6.0
CAT 50,S50,7.0,41.981826,15.0,28.054206,1.0,44.4,9.03185,2.0,6.0
CAT 50,WC95,16.0,41.078268,4.0,4.923765,1.0,5.908518,16.673035,0.0,6.0
CAT 50,BS110,13.0,37.978138,20.0,30.583356,0.0,0.0,9.723652,2.0,6.0
CAT 50,WC95,15.0,55.209663,2.0,5.850735,1.0,4.2,9.848951,1.0,6.0
CAT 50,S50,9.0,60.912935,3.0,10.52335,7.0,8.815857,14.307252,3.0,6.0
CAT 50,WC95,5.0,31.41294,7.0,22.713972,1.0,2.41638,11.64191,0.0,6.0
CAT 50,S50,6.0,39.172431,3.0,25.751057,3.0,3.724592,16.329976,0.0,6.0
CAT 50,S50,16.0,45.080488,5.0,9.133606,2.0,12.0,10.646545,0.0,6.0
CAT 50,S50,25.0,74.689322,5.0,7.921595,7.0,9.220904,17.716392,3.0,6.0
CAT 50,BS110,6.0,42.775626,7.0,17.22586,4.0,7.283417,3.022246,1.0,6.0
CAT 50,WC95,10.0,29.030511,2.0,88.5,0.0,0.0,10.122018,0.0,6.0
CAT 50,S50,7.0,44.111147,23.0,43.163652,0.0,0.0,10.915729,3.0,6.0
CAT 50,BS110,9.0,29.328998,5.0,15.071846,2.0,39.0,9.15697,0.0,6.0
CAT 50,S50,20.0,59.13504,9.0,11.974846,2.0,7.2,13.887868,3.0,6.0
CAT 50,WC95,16.0,54.905552,3.0,5.295768,3.0,4.869672,5.678495,0.0,6.0
CAT 50,WC95,13.0,61.500634,2.0,58.8,2.0,37.8,19.755962,1.0,6.0
CAT 50,S50,7.0,39.632442,7.0,28.230646,3.0,3.98316,13.843367,2.0,6.0
CAT 50,BS110,5.0,36.66663,4.0,15.753953,1.0,14.4,11.401906,1.0,6.0
CAT 50,S50,4.0,33.160677,15.0,26.93294,5.0,5.796378,4.219739,0.0,6.0
CAT 50,S50,17.0,49.001714,16.0,26.522773,3.0,6.422555,3.89623,2.0,6.0
CAT 50,WC95,5.0,29.04561,3.0,65.1,0.0,0.0,2.521793,0.0,6.0
CAT 50,S50,12.0,58.471652,4.0,17.529731,0.0,0.0,16.177113,2.0,6.0
CAT 50,CAS30,9.0,40.240824,3.0,11.11603,4.0,5.338882,5.86634,2.0,6.0
CAT 50,S50,6.0,41.392134,6.0,36.793008,1.0,1.533042,8.870695,2.0,6.0
CAT 50,WC95,16.0,53.776022,5.0,20.01148,1.0,11.0,18.520459,0.0,6.0
CAT 50,CAS30,6.0,72.86828,21.0,67.675766,2.0,5.5,26.780308,5.0,6.0
CAT 50,S50,5.0,17.73492,3.0,10.843637,1.0,39.0,11.012211,0.0,6.0
CAT 50,WC95,10.0,27.09882,0.0,0.0,3.0,2.89863,3.7111,0.0,6.0
CAT 50,S50,1.0,18.138667,2.0,3.456754,1.0,3.493924,7.592959,0.0,6.0
CAT 50,S50,3.0,28.009026,7.0,14.236632,3.0,8.51103,2.384636,0.0,6.0
CAT 50,BS110,3.0,36.97799,5.0,29.274242,3.0,4.174934,12.155634,2.0,6.0
CAT 50,BS110,15.0,47.050935,1.0,68.7,6.0,8.471775,10.602319,0.0,6.0
CAT 50,WC95,3.0,45.220176,15.0,25.396913,0.0,0.0,14.099017,2.0,6.0
CAT 50,S50,11.0,80.36964,6.0,23.976943,0.0,0.0,16.536738,4.0,6.0
CAT 50,S50,6.0,35.466631,16.0,32.49041,1.0,9.0,8.847565,0.0,6.0
CAT 50,BS110,2.0,33.407868,5.0,15.868737,3.0,3.854754,1.522871,0.0,6.0
CAT 50,WC95,8.0,31.504964,3.0,25.96563,3.0,4.385306,10.901133,0.0,6.0
CAT 50,BS110,6.0,34.233634,7.0,19.114889,0.0,0.0,1.422114,0.0,6.0
CAT 50,S50,12.0,41.11904,8.0,32.48718,0.0,0.0,14.567354,2.0,6.0
CAT 50,WC95,7.0,56.577472,4.0,20.731456,0.0,0.0,8.819711,3.0,6.0
CAT 50,WC95,4.0,34.11943,8.0,15.085445,2.0,36.0,9.312362,0.0,6.0
CAT 50,S50,3.0,23.331859,6.0,9.422482,3.0,6.618172,9.217616,0.0,6.0
CAT 50,S50,7.0,65.305493,1.0,23.51509,4.0,4.600778,19.036352,3.0,6.0
CAT 50,BS110,5.0,34.797475,1.0,3.966277,0.0,0.0,12.423235,0.0,6.0
CAT 50,WC95,13.0,58.166493,4.0,16.462215,2.0,3.99084,6.680298,3.0,6.0
CAT 50,S50,2.0,14.517695,7.0,9.051155,4.0,5.018462,9.40675,0.0,6.0
CAT 50,S50,3.0,18.448248,10.0,16.035785,1.0,1.135277,5.974939,0.0,6.0
CAT 50,S50,3.0,22.321015,0.0,0.0,3.0,2.490361,5.230838,0.0,6.0
CAT 50,S50,14.0,52.503977,5.0,10.836202,0.0,0.0,5.3892,0.0,6.0
CAT 50,BS110,6.0,54.196883,1.0,4.591995,4.0,5.952586,7.564716,1.0,6.0
CAT 50,BS110,16.0,46.201533,5.0,11.577058,1.0,43.8,7.876536,1.0,6.0
CAT 50,S50,8.0,29.231206,0.0,0.0,2.0,5.454987,3.881055,0.0,6.0
CAT 50,WC95,7.0,27.626726,6.0,9.599117,3.0,3.102154,3.897799,1.0,6.0
CAT 50,BS110,9.0,71.259212,4.0,27.6,2.0,24.0,14.120853,1.0,6.0
CAT 50,WC95,4.0,22.306525,13.0,18.519924,1.0,3.442365,1.121278,0.0,6.0
CAT 50,WC95,11.0,28.404717,10.0,23.329266,3.0,4.808322,9.258585,1.0,6.0
CAT 50,S50,1.0,35.482781,12.0,22.263706,7.0,12.523334,15.026487,0.0,6.0
CAT 50,WC95,6.0,44.469911,3.0,2.847827,2.0,26.4,3.272226,1.0,6.0
CAT 50,S50,14.0,65.655452,6.0,31.955642,3.0,3.322224,17.462631,4.0,6.0
CAT 50,S50,5.0,43.840764,19.0,28.828624,4.0,10.495213,15.555996,1.0,6.0
CAT 50,CAS30,11.0,37.170432,3.0,21.250008,3.0,5.192928,15.516074,0.0,6.0
CAT 50,CAS30,13.0,42.831023,2.0,7.247074,3.0,5.292807,14.07834,1.0,6.0
CAT 50,WC95,4.0,14.764257,4.0,5.889567,5.0,5.244135,2.972318,0.0,6.0
CAT 50,BS110,2.0,24.054019,6.0,10.273071,1.0,1.726099,9.999289,0.0,6.0
CAT 50,WC95,4.0,21.137107,5.0,16.303927,3.0,22.0,9.987307,0.0,6.0
CAT 50,WC95,9.0,37.155663,4.0,4.156396,0.0,0.0,8.760874,0.0,6.0
CAT 50,BS110,11.0,46.926732,3.0,25.671683,4.0,9.316337,14.029479,1.0,6.0
CAT 50,BS110,20.0,65.515445,6.0,6.85308,1.0,4.2,4.970063,0.0,6.0
CAT 50,WC95,11.0,29.711261,5.0,8.142028,0.0,0.0,1.352973,0.0,6.0
CAT 50,S50,24.0,78.860892,28.0,51.468945,3.0,14.132151,14.852995,5.0,6.0
CAT 50,BS110,3.0,26.71951,5.0,9.674305,7.0,10.793102,10.12656,0.0,6.0
CAT 50,S50,11.0,44.051842,7.0,19.941449,3.0,7.365134,22.775722,0.0,6.0
CAT 50,S50,6.0,25.970445,6.0,10.359795,7.0,9.224475,5.22833,0.0,6.0
CAT 50,S50,27.0,99.338197,3.0,18.614884,4.0,19.0,2.86288,4.0,6.0
CAT 50,BS110,6.0,25.033422,5.0,5.059947,4.0,6.746596,3.419314,0.0,6.0
CAT 50,BS110,9.0,42.17519,3.0,29.1,0.0,0.0,16.341853,1.0,6.0
CAT 50,S50,9.0,25.79812,6.0,10.553776,3.0,6.929247,3.23822,0.0,6.0
CAT 50,BS110,13.0,69.790646,4.0,5.445076,0.0,0.0,9.121042,3.0,6.0
CAT 50,WC95,12.0,35.276032,12.0,21.863092,3.0,26.4,9.694784,0.0,6.0
CAT 50,BS110,12.0,42.89732,12.0,24.042883,2.0,23.0,15.593628,2.0,6.0
CAT 50,BS110,21.0,63.94127,2.0,5.624464,4.0,10.2,10.703334,0.0,6.0
CAT 50,S50,13.0,37.673395,15.0,24.16255,4.0,6.166776,13.048005,1.0,6.0
CAT 50,BS110,4.0,36.25794,15.0,20.97273,8.0,10.237536,6.808386,0.0,6.0
CAT 50,S50,5.0,37.573411,12.0,23.392184,4.0,6.155838,16.666465,2.0,6.0
CAT 50,BS110,6.0,20.725872,4.0,6.482347,1.0,5.379907,4.757894,0.0,6.0
CAT 50,WC95,6.0,43.566382,21.0,30.179407,1.0,2.348592,7.985416,1.0,6.0
CAT 50,BS110,12.0,51.56001,9.0,11.9907,2.0,6.6,16.573159,0.0,6.0
CAT 50,BS110,15.0,71.644577,8.0,30.682225,2.0,31.0,35.692091,3.0,6.0
CAT 50,S50,12.0,49.755288,2.0,15.860856,3.0,2.44431,3.185945,1.0,6.0
CAT 50,BS110,3.0,25.662378,9.0,12.097978,3.0,14.4,3.798095,0.0,6.0
CAT 50,S50,10.0,43.116203,5.0,6.67793,0.0,0.0,12.925436,1.0,6.0
CAT 50,BS110,12.0,32.768539,7.0,14.580497,2.0,8.4,1.974747,0.0,6.0
CAT 50,S50,5.0,45.702712,4.0,19.128963,1.0,3.791326,6.636726,1.0,6.0
CAT 50,BS110,5.0,19.679147,4.0,6.779419,1.0,22.2,4.438868,0.0,6.0
CAT 50,S50,5.0,25.054614,6.0,9.700633,3.0,9.208106,2.831448,0.0,6.0
CAT 50,WC95,2.0,27.508572,5.0,9.091152,2.0,5.564412,0.312535,0.0,6.0
CAT 50,WC95,12.0,35.723696,10.0,14.650235,3.0,6.335237,15.536291,1.0,6.0
CAT 50,BS110,13.0,39.165118,8.0,23.413929,5.0,8.10872,13.546112,1.0,6.0
CAT 50,S50,9.0,51.945192,4.0,7.936071,0.0,0.0,8.396553,0.0,6.0
CAT 50,S50,6.0,21.472499,9.0,10.888898,0.0,0.0,3.811012,0.0,6.0
CAT 50,S50,8.0,46.08384,3.0,8.5098,1.0,44.4,14.484015,0.0,6.0
CAT 50,WC95,12.0,63.28047,12.0,23.017253,2.0,10.727805,4.370812,3.0,6.0
CAT 50,WC95,6.0,60.310636,6.0,16.328917,4.0,7.7578,13.398154,2.0,6.0
CAT 50,S50,4.0,33.790003,2.0,5.015704,1.0,1.818559,4.072085,1.0,6.0
CAT 50,WC95,8.0,30.646547,2.0,123.6,3.0,5.433785,2.511486,0.0,6.0
CAT 50,S50,7.0,62.696246,23.0,33.949627,7.0,8.67168,24.651964,4.0,6.0
CAT 50,BS110,5.0,18.864349,0.0,0.0,2.0,3.009037,11.372877,0.0,6.0
CAT 50,S50,21.0,65.351427,16.0,23.514298,2.0,5.374697,7.513119,3.0,6.0
CAT 50,BS110,14.0,59.582032,6.0,16.764985,1.0,4.462622,6.090798,2.0,6.0
CAT 50,WC95,8.0,37.138286,16.0,34.737526,1.0,13.2,2.417917,2.0,6.0
CAT 50,S50,20.0,65.535896,9.0,12.767445,5.0,7.233059,2.463737,3.0,6.0
CAT 50,WC95,9.0,39.765875,17.0,23.171072,1.0,23.4,8.054714,1.0,6.0
CAT 50,WC95,9.0,39.924746,6.0,12.877606,2.0,4.236969,17.527593,1.0,6.0
CAT 50,S50,21.0,74.353594,1.0,41.1,4.0,8.084794,26.640231,3.0,6.0
CAT 50,WC95,11.0,50.9904,15.0,23.68929,4.0,4.78035,24.059536,3.0,6.0
CAT 50,BS110,17.0,55.891147,6.0,8.429652,5.0,7.356787,1.155718,2.0,6.0
CAT 50,WC95,2.0,23.366851,9.0,13.655952,4.0,8.345304,13.275436,0.0,6.0
CAT 50,S50,18.0,49.6476,18.0,40.89721,5.0,7.03341,19.042181,3.0,6.0
CAT 50,WC95,16.0,70.178605,32.0,56.663347,0.0,0.0,44.78154,5.0,6.0
CAT 50,S50,6.0,22.281839,1.0,4.5,2.0,38.5,0.368045,0.0,6.0
CAT 50,S50,1.0,31.244325,5.0,13.747503,3.0,9.968428,0.089669,0.0,6.0
CAT 50,WC95,14.0,35.145965,7.0,21.588314,0.0,0.0,8.918442,1.0,6.0
CAT 50,BS110,3.0,119.4,7.0,16.50885,0.0,0.0,12.560633,0.0,6.0
CAT 50,S50,1.0,28.353468,5.0,7.683195,2.0,16.2,9.915599,0.0,6.0
CAT 50,S50,12.0,30.376647,9.0,14.127552,0.0,0.0,8.047549,0.0,6.0
CAT 50,CAS30,11.0,42.814789,2.0,2.204252,4.0,5.155708,11.804166,1.0,6.0
CAT 50,WC95,14.0,43.122947,8.0,32.308626,3.0,5.485525,21.213309,1.0,6.0
CAT 50,BS110,7.0,33.701004,9.0,14.370617,3.0,4.027164,7.117454,0.0,6.0
CAT 50,S50,3.0,32.460912,3.0,4.328122,2.0,3.516599,4.649029,0.0,6.0
CAT 50,CAS30,10.0,30.761632,6.0,16.970323,3.0,6.0,16.03853,0.0,6.0
CAT 50,S50,27.0,77.916125,9.0,18.632117,5.0,7.904534,5.394426,4.0,6.0
CAT 50,WC95,10.0,45.119894,8.0,17.699256,0.0,0.0,13.935705,1.0,6.0
CAT 50,BS110,15.0,44.975885,13.0,22.989532,3.0,10.8,1.776984,0.0,6.0
CAT 50,S50,17.0,53.619392,9.0,16.141238,3.0,40.0,9.151686,1.0,6.0
CAT 50,S50,5.0,39.502903,6.0,8.092004,5.0,11.311404,8.990138,0.0,6.0
CAT 50,S50,9.0,36.831134,10.0,14.699666,4.0,3.096584,16.279734,0.0,6.0
CAT 50,WC95,4.0,37.876608,3.0,4.777618,5.0,6.370157,3.437347,0.0,6.0
CAT 50,BS110,15.0,45.885402,23.0,40.552774,1.0,5.4,20.011745,2.0,6.0
CAT 50,BS110,8.0,36.780521,4.0,4.222537,0.0,0.0,4.986829,0.0,6.0
CAT 50,BS110,2.0,37.192459,3.0,5.393934,1.0,4.52063,4.812516,0.0,6.0
CAT 50,WC95,17.0,55.78127,10.0,15.063574,3.0,6.57798,17.073827,1.0,6.0
CAT 50,S50,3.0,32.937678,6.0,17.513204,6.0,6.346528,13.489779,1.0,6.0
CAT 50,BS110,12.0,41.012811,11.0,15.333057,0.0,0.0,11.92524,0.0,6.0
CAT 50,BS110,13.0,37.360962,11.0,17.247458,2.0,10.8,15.133511,0.0,6.0
CAT 50,WC95,5.0,57.163579,4.0,20.999979,2.0,4.254541,0.082174,3.0,6.0
CAT 50,BS110,2.0,20.769005,1.0,49.5,3.0,3.092976,1.785712,0.0,6.0
CAT 50,WC95,13.0,40.981785,5.0,7.755015,1.0,6.0,10.676411,0.0,6.0
CAT 50,BS110,8.0,35.496762,4.0,16.979894,4.0,5.977118,7.48878,2.0,6.0
CAT 50,S50,5.0,69.675908,8.0,18.632729,3.0,6.0,16.245551,3.0,6.0
CAT 50,BS110,4.0,46.208851,3.0,12.920238,6.0,7.80281,16.223045,1.0,6.0
CAT 50,S50,8.0,34.882585,3.0,5.466674,8.0,13.01589,9.88901,0.0,6.0
CAT 50,S50,3.0,27.366024,6.0,17.250369,0.0,0.0,12.020113,0.0,6.0
CAT 50,S50,16.0,68.911124,3.0,6.010939,3.0,17.4,8.987525,3.0,6.0
CAT 50,S50,10.0,36.915473,3.0,50.4,3.0,3.46299,4.999088,1.0,6.0
CAT 50,WC95,20.0,55.71801,17.0,25.236981,3.0,4.151538,6.052961,2.0,6.0
CAT 50,S50,3.0,23.948988,7.0,10.594944,2.0,2.48319,1.344692,0.0,6.0
CAT 50,WC95,9.0,39.001269,7.0,11.111682,4.0,3.973714,3.133732,0.0,6.0
CAT 50,BS110,11.0,47.395683,12.0,17.888048,1.0,4.2,9.375101,1.0,6.0
CAT 50,WC95,1.0,23.815264,4.0,9.114484,3.0,3.234172,6.320513,0.0,6.0
CAT 50,BS110,5.0,51.508472,1.0,6.234455,6.0,11.875152,16.804713,0.0,6.0
CAT 50,WC95,12.0,59.855085,6.0,9.765225,3.0,8.96103,19.253208,2.0,6.0
CAT 50,S50,6.0,25.864117,0.0,0.0,6.0,9.65079,7.332327,0.0,6.0
CAT 50,CAS30,4.0,46.619933,10.0,36.361399,3.0,4.565316,20.067304,3.0,6.0
CAT 50,WC95,24.0,73.219437,6.0,8.013781,4.0,7.264291,23.283485,4.0,6.0
CAT 50,S50,8.0,47.040134,4.0,37.65528,3.0,6.25657,10.802238,3.0,6.0
CAT 50,WC95,12.0,62.372123,9.0,24.072337,5.0,10.162464,1.597565,3.0,6.0
CAT 50,WC95,6.0,31.508352,12.0,27.073843,3.0,7.0,11.99671,0.0,6.0
CAT 50,WC95,17.0,47.000195,5.0,44.218067,3.0,9.6,0.143475,3.0,6.0
CAT 50,S50,4.0,16.753151,2.0,4.382681,2.0,19.0,7.402077,0.0,6.0
CAT 50,BS110,4.0,13.772704,5.0,11.813173,2.0,1.791571,5.4954,0.0,6.0
CAT 50,WC95,8.0,39.480571,2.0,14.1,2.0,4.630922,4.496374,0.0,6.0
CAT 50,CAS30,11.0,52.176108,12.0,22.588437,1.0,2.863323,21.230524,1.0,6.0
CAT 50,BS110,5.0,40.942572,9.0,30.768589,0.0,0.0,14.887655,1.0,6.0
CAT 50,BS110,19.0,70.669843,0.0,0.0,3.0,5.975759,3.701321,3.0,6.0
CAT 50,BS110,14.0,52.198474,7.0,10.840159,2.0,7.042651,18.652782,0.0,6.0
CAT 50,BS110,13.0,42.56711,4.0,31.430366,4.0,6.18708,4.011895,1.0,6.0
CAT 50,WC95,12.0,41.540582,12.0,22.604422,5.0,6.543385,20.872501,2.0,6.0
CAT 50,WC95,21.0,65.236306,3.0,68.4,3.0,4.548348,21.546441,2.0,6.0
CAT 50,WC95,13.0,67.061066,7.0,9.563692,0.0,0.0,2.908239,3.0,6.0
CAT 50,WC95,13.0,37.836322,1.0,6.287173,3.0,15.6,5.465154,0.0,6.0
CAT 50,WC95,23.0,76.740958,7.0,17.589425,5.0,7.447135,29.984687,3.0,6.0
CAT 50,BS110,15.0,50.820437,2.0,14.833831,2.0,5.108933,23.170127,3.0,6.0
CAT 50,CAS30,20.0,54.141662,8.0,14.556956,3.0,4.341548,23.754583,1.0,6.0
CAT 50,BS110,10.0,55.047391,3.0,4.75877,1.0,4.5,10.086239,0.0,6.0
CAT 50,WC95,13.0,38.240778,8.0,11.202437,3.0,10.2,12.909339,0.0,6.0
CAT 50,S50,13.0,48.952564,9.0,26.666009,0.0,0.0,20.056051,3.0,6.0
CAT 50,BS110,2.0,112.8,4.0,5.44635,2.0,3.42342,1.705952,0.0,6.0
CAT 50,S50,1.0,33.212377,8.0,10.84063,4.0,4.948483,14.229065,1.0,6.0
CAT 50,S50,0.0,0.0,9.0,19.217736,2.0,3.598214,1.415382,1.0,6.0
CAT 50,BS110,2.0,171.6,7.0,18.802773,4.0,5.440802,10.517702,0.0,6.0
CAT 50,S50,2.0,112.8,6.0,8.502396,3.0,5.344363,2.663192,0.0,6.0
CAT 50,BS110,1.0,58.346606,24.0,35.732611,3.0,7.621291,29.745886,4.0,6.0
CAT 50,CAS30,1.0,243.6,11.0,17.353082,1.0,4.580182,11.694934,1.0,6.0
CAT 50,WC95,3.0,163.8,5.0,18.207612,1.0,1.355886,13.194897,0.0,6.0
CAT 50,WC95,20.0,46.741094,5.0,10.063872,3.0,12.188467,5.000766,1.0,6.0
CAT 50,S50,12.0,29.013707,6.0,5.579559,4.0,7.243638,0.770217,1.0,6.0
CAT 50,S50,17.0,40.355182,9.0,13.729082,13.0,21.94573,23.459709,2.0,6.0
CAT 50,S50,30.0,68.931626,6.0,26.659454,11.0,16.815586,8.941007,4.0,6.0
CAT 50,BS110,19.0,27.836087,7.0,14.433527,6.0,10.403386,5.758311,0.0,6.0
CAT 50,BS110,22.0,61.700713,1.0,5.368091,8.0,19.661443,17.560235,2.0,6.0
CAT 50,S50,21.0,34.055028,3.0,19.06065,4.0,11.487218,9.400848,1.0,6.0
CAT 50,S50,22.0,31.709774,3.0,17.50521,6.0,12.180954,12.143905,0.0,6.0
CAT 50,BS110,16.0,23.779123,0.0,0.0,8.0,16.041472,6.943285,0.0,6.0
CAT 50,WC95,10.0,14.601586,0.0,0.0,4.0,9.850276,4.263529,0.0,6.0
CAT 50,WC95,22.0,41.411072,8.0,14.905666,3.0,14.73167,5.992616,1.0,6.0
CAT 50,S50,38.0,64.792494,0.0,0.0,3.0,11.518666,4.673641,3.0,6.0
CAT 50,S50,25.0,49.120181,3.0,9.045686,5.0,14.813188,16.621572,2.0,6.0
CAT 50,BS110,15.0,31.757913,5.0,10.318649,8.0,11.334474,5.86589,0.0,6.0
CAT 50,WC95,19.0,31.748249,4.0,5.565067,4.0,8.210754,11.45461,0.0,6.0
CAT 50,WC95,20.0,44.153046,10.0,15.397911,4.0,22.385718,12.13694,2.0,6.0
CAT 50,WC95,24.0,48.028714,9.0,22.418466,4.0,24.774305,15.579684,1.0,6.0
CAT 50,S50,13.0,24.279975,7.0,12.01653,3.0,7.57206,11.843027,0.0,6.0
CAT 50,WC95,19.0,42.983406,3.0,2.975172,6.0,8.768928,5.731031,2.0,6.0
CAT 50,BS110,24.0,46.334367,7.0,18.982144,7.0,9.466161,14.46715,2.0,6.0
CAT 50,BS110,26.0,52.354856,2.0,51.0,4.0,12.286235,3.534158,2.0,6.0
CAT 50,S50,25.0,56.069334,6.0,12.182966,16.0,26.304132,28.538168,2.0,6.0
CAT 50,WC95,21.0,40.552873,8.0,15.422618,12.0,18.945551,6.4098,0.0,6.0
CAT 50,S50,35.0,60.361056,19.0,32.264422,5.0,12.359645,27.451109,3.0,6.0
CAT 50,S50,24.0,38.682435,1.0,19.059891,4.0,17.934584,8.444626,0.0,6.0
CAT 50,BS110,17.0,32.600406,4.0,5.412898,4.0,5.289877,0.154819,1.0,6.0
CAT 50,S50,19.0,28.740203,3.0,4.465609,9.0,21.297521,15.682878,0.0,6.0
CAT 50,WC95,43.0,67.541051,3.0,19.394318,10.0,19.801192,33.233322,4.0,6.0
CAT 50,S50,22.0,43.087506,5.0,14.884775,7.0,9.624742,10.788272,1.0,6.0
CAT 50,BS110,21.0,32.98421,0.0,0.0,4.0,24.143081,3.68146,0.0,6.0
CAT 50,CAS30,17.0,36.10764,4.0,8.39817,2.0,20.38914,8.2153,2.0,6.0
CAT 50,S50,24.0,47.701602,10.0,14.254029,7.0,15.100803,6.804351,0.0,6.0
CAT 50,S50,21.0,34.386912,9.0,19.090932,2.0,9.448656,12.686199,2.0,6.0
CAT 50,BS110,38.0,58.236534,9.0,21.940276,1.0,11.918174,7.131536,2.0,6.0
CAT 50,WC95,42.0,64.217616,8.0,12.36448,9.0,16.83123,0.105367,3.0,6.0
CAT 50,S50,19.0,40.288689,6.0,19.035481,3.0,13.55277,17.242724,1.0,6.0
CAT 50,WC95,20.0,40.756637,9.0,17.169134,8.0,12.301872,16.36411,1.0,6.0
CAT 50,CAS30,11.0,24.256152,6.0,8.792855,6.0,10.713134,9.149182,1.0,6.0
CAT 50,BS110,22.0,61.931136,9.0,30.446592,13.0,22.661952,32.968469,2.0,6.0
CAT 50,BS110,21.0,41.729512,2.0,3.274549,4.0,9.655722,4.824997,1.0,6.0
CAT 50,BS110,41.0,69.621948,3.0,7.695815,13.0,34.091739,13.4945,4.0,6.0
CAT 50,BS110,16.0,36.635328,3.0,13.452035,0.0,0.0,8.019673,0.0,6.0
CAT 50,WC95,39.0,58.882661,8.0,12.429241,11.0,19.303514,24.596332,2.0,6.0
CAT 50,WC95,32.0,49.230216,3.0,3.146674,7.0,15.124334,6.557468,2.0,6.0
CAT 50,BS110,20.0,30.549766,4.0,7.950085,4.0,10.361909,5.022784,0.0,6.0
CAT 50,WC95,18.0,49.167365,8.0,14.324843,10.0,13.511642,11.815733,1.0,6.0
CAT 50,BS110,21.0,40.787372,6.0,12.598416,15.0,25.826753,13.044142,0.0,6.0
CAT 50,BS110,16.0,43.341629,1.0,24.0,13.0,29.895443,20.169038,0.0,6.0
CAT 50,WC95,42.0,79.147107,3.0,67.8,6.0,14.946353,22.755593,3.0,6.0
CAT 50,S50,18.0,35.700786,12.0,18.120853,6.0,15.578525,12.956886,1.0,6.0
CAT 50,BS110,24.0,49.473072,2.0,4.466319,8.0,21.75899,19.278726,0.0,6.0
CAT 50,WC95,19.0,40.312134,3.0,4.703082,6.0,8.563035,9.70349,1.0,6.0
CAT 50,S50,41.0,63.651393,12.0,19.047649,8.0,10.150785,22.873497,3.0,6.0
CAT 50,WC95,16.0,26.942916,4.0,12.596688,6.0,8.135361,10.116544,0.0,6.0
CAT 50,S50,22.0,31.653502,1.0,5.713811,6.0,10.214069,14.675416,0.0,6.0
CAT 50,WC95,17.0,32.063928,2.0,50.7,14.0,20.594908,1.424301,0.0,6.0
CAT 50,BS110,10.0,16.342236,0.0,0.0,3.0,6.102216,7.568711,0.0,6.0
CAT 50,S50,18.0,40.031701,4.0,6.384985,1.0,6.815433,1.856537,2.0,6.0
CAT 50,S50,21.0,43.178616,9.0,13.885431,6.0,9.133938,21.039977,2.0,6.0
CAT 50,CAS30,51.0,106.650361,0.0,0.0,10.0,19.156867,7.031907,5.0,6.0
CAT 50,WC95,26.0,55.53421,10.0,14.246183,8.0,13.469118,21.617688,3.0,6.0
CAT 50,BS110,29.0,43.708757,2.0,22.336018,2.0,13.485898,25.923936,2.0,6.0
CAT 50,WC95,32.0,54.164448,6.0,10.7226,1.0,14.950368,4.840389,2.0,6.0
CAT 50,WC95,17.0,32.686144,3.0,20.4,6.0,11.988335,4.023619,0.0,6.0
CAT 50,CAS30,36.0,76.329763,2.0,9.9,6.0,15.686413,5.076848,1.0,6.0
CAT 50,WC95,21.0,53.526026,7.0,27.110585,9.0,17.957866,29.721148,1.0,6.0
CAT 50,WC95,9.0,16.701228,3.0,7.544853,4.0,8.240737,7.877798,0.0,6.0
CAT 50,BS110,13.0,24.298214,5.0,8.605618,4.0,6.13783,10.211217,0.0,6.0
CAT 50,BS110,27.0,58.857178,7.0,30.418974,8.0,16.553581,33.141756,3.0,6.0
CAT 50,S50,34.0,60.600485,13.0,18.33962,5.0,19.159145,9.36989,3.0,6.0
CAT 50,BS110,13.0,22.305147,3.0,10.272934,5.0,7.120892,4.135662,0.0,6.0
CAT 50,S50,32.0,48.807714,2.0,18.9,2.0,10.696159,8.024693,1.0,6.0
CAT 50,WC95,15.0,23.033837,3.0,5.48161,1.0,58.8,7.984816,0.0,6.0
CAT 50,BS110,19.0,40.861187,2.0,13.64669,5.0,8.47988,16.535137,2.0,6.0
CAT 50,S50,33.0,55.830662,16.0,28.909939,16.0,24.931507,3.593002,4.0,6.0
CAT 50,WC95,33.0,53.499185,4.0,10.731872,3.0,16.818606,9.677578,0.0,6.0
CAT 50,CAS30,30.0,65.910715,3.0,46.8,7.0,10.514059,2.297324,3.0,6.0
CAT 50,BS110,12.0,19.290312,2.0,7.085022,3.0,7.799478,6.113638,0.0,6.0
CAT 50,WC95,41.0,70.808821,5.0,19.393499,7.0,22.851254,21.924396,4.0,6.0
CAT 50,CAS30,24.0,45.987469,9.0,21.307153,5.0,10.456808,14.555204,2.0,6.0
CAT 50,BS110,26.0,54.401106,7.0,16.446846,11.0,34.158834,30.94135,4.0,6.0
CAT 50,S50,28.0,58.401835,4.0,8.260786,10.0,14.301619,4.792103,2.0,6.0
CAT 50,WC95,30.0,43.587482,3.0,5.827853,8.0,15.055286,13.777947,0.0,6.0
CAT 50,S50,18.0,46.321769,4.0,10.278224,3.0,13.564775,9.403925,2.0,6.0
CAT 50,WC95,15.0,36.235086,4.0,6.878525,4.0,15.599512,11.736245,0.0,6.0
CAT 50,BS110,21.0,35.565222,3.0,15.426992,2.0,57.0,3.028312,1.0,6.0
CAT 50,BS110,28.0,43.336048,6.0,10.173157,5.0,8.878149,6.156179,2.0,6.0
CAT 50,WC95,23.0,33.166295,4.0,11.001895,8.0,13.973209,11.671149,1.0,6.0
CAT 50,WC95,62.0,94.749648,11.0,18.019353,5.0,21.713461,35.027167,6.0,6.0
CAT 50,S50,18.0,39.640422,7.0,20.666467,7.0,13.540099,12.806132,3.0,6.0
CAT 50,BS110,17.0,25.010987,7.0,12.046577,4.0,8.336996,4.944332,0.0,6.0
CAT 50,BS110,23.0,51.796028,3.0,9.493936,3.0,12.738698,18.072148,1.0,6.0
CAT 50,WC95,19.0,44.109992,4.0,12.877427,4.0,8.360717,4.854353,2.0,6.0
CAT 50,S50,22.0,41.102991,8.0,15.586034,8.0,13.103303,13.607874,2.0,6.0
CAT 50,BS110,15.0,35.91495,3.0,7.661856,0.0,0.0,15.430703,1.0,6.0
CAT 50,S50,16.0,42.235331,3.0,24.24158,7.0,10.871224,8.33588,1.0,6.0
CAT 50,S50,15.0,27.264409,9.0,13.675208,2.0,73.8,4.257155,0.0,6.0
CAT 50,WC95,35.0,53.490103,11.0,17.326767,5.0,23.365973,30.808111,2.0,6.0
CAT 50,BS110,23.0,50.387025,13.0,22.867957,10.0,22.22197,30.945844,1.0,6.0
CAT 50,BS110,27.0,45.16146,2.0,2.258073,2.0,17.800125,15.646448,0.0,6.0
CAT 50,BS110,9.0,20.151674,6.0,8.631399,3.0,72.6,2.538505,0.0,6.0
CAT 50,S50,40.0,66.070059,5.0,15.896064,8.0,19.755602,18.602996,4.0,6.0
CAT 50,BS110,22.0,35.024652,4.0,9.278919,9.0,19.930073,18.832668,0.0,6.0
CAT 50,WC95,17.0,39.673205,5.0,13.574624,5.0,10.254515,13.902298,2.0,6.0
CAT 50,WC95,15.0,28.505443,11.0,15.128315,6.0,8.431644,14.59703,0.0,6.0
CAT 50,BS110,27.0,41.25717,2.0,33.6,4.0,12.55653,0.878766,0.0,6.0
CAT 50,CAS30,11.0,15.733279,4.0,4.713053,3.0,7.624056,5.675201,0.0,6.0
CAT 50,WC95,30.0,57.003329,6.0,10.056143,5.0,11.55623,10.27292,2.0,6.0
CAT 50,S50,32.0,49.282527,6.0,25.969634,7.0,22.980801,29.702198,3.0,6.0
CAT 50,S50,41.0,66.186861,7.0,25.533008,7.0,11.274315,2.417866,4.0,6.0
CAT 50,BS110,19.0,30.775416,2.0,65.1,12.0,18.71478,16.218843,0.0,6.0
CAT 50,BS110,20.0,45.275923,5.0,6.034015,6.0,12.400942,8.334893,2.0,6.0
CAT 50,BS110,37.0,71.977296,4.0,6.7143,6.0,21.888618,17.217183,4.0,6.0
CAT 50,BS110,11.0,24.246175,3.0,65.4,0.0,0.0,11.033112,0.0,6.0
CAT 50,BS110,17.0,23.916144,3.0,4.093464,4.0,6.9836,10.73543,0.0,6.0
CAT 50,BS110,29.0,55.001506,7.0,22.01523,11.0,17.261111,20.934188,2.0,6.0
CAT 50,WC95,35.0,63.802411,7.0,24.669365,5.0,15.409904,15.268296,4.0,6.0
CAT 50,BS110,27.0,73.491105,4.0,49.2,10.0,15.583656,16.453243,1.0,6.0
CAT 50,WC95,24.0,35.423822,2.0,12.381142,5.0,11.807941,14.034202,0.0,6.0
CAT 50,WC95,5.0,12.954488,1.0,3.366703,3.0,6.587028,3.134903,0.0,6.0
CAT 50,BS110,29.0,51.797884,3.0,106.5,4.0,15.438367,9.493749,2.0,6.0
CAT 50,BS110,19.0,44.691708,3.0,2.522346,0.0,0.0,3.80683,2.0,6.0
CAT 50,S50,19.0,50.028079,3.0,128.1,8.0,11.542291,8.682766,3.0,6.0
CAT 50,WC95,17.0,41.521643,6.0,10.49014,8.0,10.095114,16.032439,2.0,6.0
CAT 50,BS110,12.0,28.372869,5.0,16.705521,1.0,9.899568,12.337851,1.0,6.0
CAT 50,WC95,22.0,35.40259,0.0,0.0,8.0,13.939093,3.231329,1.0,6.0
CAT 50,BS110,37.0,53.6613,11.0,15.35457,3.0,11.1573,22.524949,3.0,6.0
CAT 50,S50,15.0,34.564684,10.0,23.043122,8.0,10.317816,18.698814,2.0,6.0
CAT 50,S50,29.0,50.347526,3.0,10.365667,12.0,19.963507,18.7339,2.0,6.0
CAT 50,BS110,32.0,57.244245,8.0,15.365561,7.0,21.190414,13.641066,3.0,6.0
CAT 50,WC95,21.0,38.258019,11.0,15.619099,7.0,13.454655,6.212803,0.0,6.0
CAT 50,S50,20.0,50.280282,11.0,17.537052,5.0,10.766418,15.420925,2.0,6.0
CAT 50,S50,22.0,38.14848,1.0,4.148647,5.0,10.681574,2.589339,0.0,6.0
CAT 50,BS110,11.0,27.562572,2.0,5.053138,8.0,15.006289,13.068792,0.0,6.0
CAT 50,BS110,12.0,27.520819,5.0,10.402214,6.0,9.910771,10.103039,0.0,6.0
CAT 50,BS110,10.0,22.684536,2.0,4.158832,7.0,12.35047,10.755872,0.0,6.0
CAT 50,S50,11.0,27.174086,0.0,0.0,5.0,6.494223,14.926349,1.0,6.0
CAT 50,WC95,13.0,31.37562,2.0,5.752197,9.0,17.082282,14.876749,0.0,6.0
CAT 50,WC95,11.0,22.695896,4.0,5.898368,6.0,11.540286,5.492261,0.0,6.0
CAT 50,WC95,19.0,30.050563,4.0,7.62763,3.0,9.65911,7.711732,1.0,6.0
CAT 50,WC95,40.0,65.0844,4.0,5.260989,5.0,14.535516,15.801806,3.0,6.0
CAT 50,WC95,13.0,36.377189,1.0,12.690783,4.0,9.804431,11.070822,1.0,6.0
CAT 50,S50,11.0,31.889995,1.0,3.49671,7.0,16.504471,4.311986,0.0,6.0
CAT 50,S50,23.0,66.096751,0.0,0.0,10.0,20.406377,14.768564,0.0,6.0
CAT 50,WC95,10.0,19.91448,1.0,5.675627,8.0,10.35553,6.115837,0.0,6.0
CAT 50,S50,21.0,30.563004,10.0,13.864674,10.0,12.043038,10.892177,0.0,6.0
CAT 50,BS110,17.0,31.050724,7.0,13.866669,10.0,15.923448,6.5918,0.0,6.0
CAT 50,BS110,23.0,52.724014,4.0,24.76431,4.0,14.256377,9.224925,3.0,6.0
CAT 50,S50,21.0,39.69397,5.0,14.461675,9.0,11.597578,18.99212,0.0,6.0
CAT 50,BS110,16.0,25.710912,7.0,13.257189,5.0,7.713274,11.405901,0.0,6.0
CAT 50,S50,22.0,36.325317,5.0,4.763976,8.0,13.577332,7.128016,0.0,6.0
CAT 50,WC95,27.0,45.98964,4.0,5.72895,6.0,8.53416,7.190722,2.0,6.0
CAT 50,WC95,29.0,57.517477,0.0,0.0,13.0,19.732273,16.615232,3.0,6.0
CAT 50,S50,14.0,40.739712,8.0,11.869358,1.0,70.5,16.009298,2.0,6.0
CAT 50,WC95,11.0,30.398659,3.0,16.601649,2.0,9.04722,6.546051,1.0,6.0
CAT 50,BS110,9.0,26.396064,3.0,3.152863,5.0,12.611453,3.311894,0.0,6.0
CAT 50,BS110,9.0,38.60441,2.0,6.604346,3.0,8.611192,0.923613,2.0,6.0
CAT 50,WC95,15.0,51.667258,3.0,118.8,6.0,19.256563,14.30175,3.0,6.0
CAT 50,BS110,20.0,57.546856,9.0,22.422103,8.0,16.16701,10.206719,0.0,6.0
CAT 50,BS110,12.0,67.326552,3.0,17.259561,14.0,24.676893,33.415833,4.0,6.0
CAT 50,WC95,4.0,13.244675,1.0,2.071793,1.0,10.136986,8.055626,0.0,6.0
CAT 50,S50,17.0,59.347296,13.0,23.365584,4.0,15.834528,1.508572,3.0,6.0
CAT 50,S50,9.0,45.595724,5.0,25.860262,11.0,16.824293,4.39828,3.0,6.0
CAT 50,WC95,14.0,64.438705,3.0,6.122866,2.0,11.096456,15.385213,2.0,6.0
CAT 50,WC95,5.0,20.841293,0.0,0.0,3.0,12.872563,4.086191,0.0,6.0
CAT 50,S50,9.0,50.602547,9.0,12.822365,12.0,16.695788,11.947024,2.0,6.0
CAT 50,BS110,9.0,27.36515,4.0,8.301787,3.0,12.234887,10.724778,1.0,6.0
CAT 50,WC95,13.0,47.983794,6.0,15.898245,3.0,9.924359,16.744594,1.0,6.0
CAT 50,CAS30,8.0,40.303922,8.0,18.699568,6.0,10.25753,17.333053,2.0,6.0
CAT 50,BS110,4.0,14.45964,1.0,3.30057,6.0,11.0019,1.507423,0.0,6.0
CAT 50,WC95,11.0,38.881281,3.0,57.0,6.0,8.489674,15.263372,2.0,6.0
CAT 50,BS110,6.0,55.503841,5.0,11.325963,5.0,11.524664,13.244528,1.0,6.0
CAT 50,S50,14.0,57.833225,6.0,13.019018,5.0,22.89777,3.591609,3.0,6.0
CAT 50,BS110,9.0,55.775321,1.0,3.628506,5.0,11.196533,18.564122,2.0,6.0
CAT 50,BS110,11.0,47.414131,2.0,10.659334,6.0,9.361932,3.132236,2.0,6.0
CAT 50,S50,17.0,52.848081,4.0,12.229308,1.0,12.229308,2.728867,0.0,6.0
CAT 50,WC95,9.0,33.092602,8.0,19.569712,8.0,11.9837,7.838726,0.0,6.0
CAT 50,CAS30,11.0,40.884907,12.0,19.300997,8.0,17.900118,9.736577,2.0,6.0
CAT 50,S50,6.0,47.389723,7.0,25.995334,2.0,11.981625,5.859968,2.0,6.0
CAT 50,S50,9.0,24.524986,7.0,9.537494,4.0,6.188017,11.672951,1.0,6.0
CAT 50,WC95,20.0,74.151936,5.0,9.749606,6.0,18.537984,23.569751,4.0,6.0
CAT 50,CAS30,22.0,76.278071,5.0,23.816782,6.0,23.494933,15.293458,4.0,6.0
CAT 50,S50,9.0,41.709054,2.0,19.938962,2.0,13.53001,22.086881,2.0,6.0
CAT 50,WC95,1.0,41.500813,6.0,11.549156,3.0,14.214346,8.862089,0.0,6.0
CAT 50,BS110,5.0,27.408031,7.0,10.432957,4.0,6.88644,13.733915,1.0,6.0
CAT 50,WC95,20.0,62.900141,0.0,0.0,8.0,19.402664,12.207896,3.0,6.0
CAT 50,CAS30,18.0,58.265222,1.0,58.8,17.0,26.836445,31.569171,2.0,6.0
CAT 50,WC95,13.0,38.227727,1.0,19.5,4.0,15.676986,11.924809,0.0,6.0
CAT 50,WC95,7.0,34.989572,5.0,7.384485,2.0,19.724999,13.36806,1.0,6.0
CAT 50,BS110,7.0,29.733593,3.0,5.921521,3.0,12.703972,12.448963,0.0,6.0
CAT 50,S50,11.0,30.675804,14.0,20.141087,7.0,9.848548,6.771971,2.0,6.0
CAT 50,CAS30,11.0,42.085462,0.0,0.0,3.0,18.344945,5.902101,0.0,6.0
CAT 50,BS110,18.0,61.018406,7.0,10.55564,8.0,19.63576,5.899145,2.0,6.0
CAT 50,BS110,2.0,159.0,7.0,13.401905,4.0,16.112402,4.438044,0.0,6.0
CAT 50,S50,9.0,42.825227,1.0,3.275352,5.0,9.334753,0.085419,1.0,6.0
CAT 50,WC95,15.0,46.982092,1.0,49.2,5.0,9.815507,16.855157,1.0,6.0
CAT 50,S50,12.0,66.994222,5.0,6.615977,3.0,10.251785,13.780218,3.0,6.0
CAT 50,BS110,5.0,11.083068,0.0,0.0,3.0,6.172848,3.323573,0.0,6.0
CAT 50,S50,3.0,69.444374,10.0,16.687603,11.0,18.109417,24.717112,3.0,6.0
CAT 50,WC95,7.0,48.39781,8.0,31.17461,5.0,12.099452,5.070419,3.0,6.0
CAT 50,BS110,10.0,50.318237,16.0,24.546974,10.0,14.446598,23.082171,2.0,6.0
CAT 50,BS110,12.0,47.516348,5.0,13.89827,2.0,9.090692,1.006874,2.0,6.0
CAT 50,BS110,9.0,50.784582,15.0,20.280495,11.0,16.6689,16.900203,3.0,6.0
CAT 50,BS110,7.0,50.319759,7.0,14.528945,3.0,55.2,0.713833,0.0,6.0
CAT 50,WC95,3.0,30.521378,9.0,10.960716,7.0,10.609411,4.325485,1.0,6.0
CAT 50,S50,4.0,62.913384,7.0,12.110088,5.0,12.996192,26.589234,1.0,6.0
CAT 50,WC95,9.0,66.821142,11.0,28.741142,9.0,16.584524,34.383622,3.0,6.0
CAT 50,BS110,12.0,42.00772,10.0,15.320997,6.0,9.638135,18.09227,2.0,6.0
CAT 50,WC95,17.0,54.242066,0.0,0.0,4.0,11.510051,21.901657,2.0,6.0
CAT 50,WC95,6.0,24.252109,4.0,5.424814,6.0,12.938326,9.007688,1.0,6.0
CAT 50,BS110,9.0,65.939691,12.0,31.134108,14.0,20.927408,33.502266,4.0,6.0
CAT 50,WC95,7.0,47.938176,4.0,6.721229,2.0,9.389952,16.579669,1.0,6.0
CAT 50,S50,18.0,53.751875,16.0,34.157304,3.0,10.182073,11.091014,4.0,6.0
CAT 50,BS110,13.0,51.298366,4.0,15.638426,5.0,10.714216,19.931642,2.0,6.0
CAT 50,BS110,18.0,71.339357,0.0,0.0,7.0,12.982032,8.117963,3.0,6.0
CAT 50,BS110,8.0,53.769975,11.0,22.036875,5.0,11.207325,18.395902,2.0,6.0
CAT 50,S50,12.0,40.594211,4.0,9.367895,7.0,21.006794,14.069568,0.0,6.0
CAT 50,CAS30,9.0,58.395667,18.0,26.84317,6.0,11.184654,17.664153,4.0,6.0
CAT 50,WC95,4.0,28.056131,2.0,4.2,4.0,18.186583,6.79378,0.0,6.0
CAT 50,BS110,15.0,46.160698,1.0,89.1,5.0,11.135256,5.180585,2.0,6.0
CAT 50,S50,12.0,38.75655,0.0,0.0,6.0,14.506023,0.754282,0.0,6.0
CAT 50,BS110,11.0,73.602324,14.0,28.447524,5.0,13.847472,24.672579,4.0,6.0
CAT 50,WC95,2.0,28.953504,6.0,6.675391,4.0,13.136312,8.486548,0.0,6.0
CAT 50,WC95,18.0,70.971379,3.0,6.345531,3.0,10.678564,7.787144,3.0,6.0
CAT 50,S50,19.0,77.360216,4.0,10.873926,9.0,39.456817,39.667631,5.0,6.0
CAT 50,BS110,6.0,44.852621,1.0,15.148541,6.0,20.70121,8.008147,2.0,6.0
CAT 50,WC95,5.0,72.566507,6.0,7.656898,8.0,23.318734,32.794516,1.0,6.0
CAT 50,CAS30,3.0,42.049013,11.0,22.859192,1.0,13.784936,25.858575,3.0,6.0
CAT 50,BS110,11.0,47.66568,1.0,28.2,3.0,20.257914,3.811946,1.0,6.0
CAT 50,WC95,2.0,23.6169,5.0,7.226771,5.0,8.423361,4.48415,0.0,6.0
CAT 50,WC95,12.0,43.269789,10.0,27.027568,5.0,12.069318,6.765595,1.0,6.0
CAT 50,S50,3.0,36.34667,12.0,17.952383,3.0,12.244446,19.57088,1.0,6.0
CAT 50,WC95,3.0,27.847411,5.0,10.31846,4.0,10.774296,13.838147,0.0,6.0
CAT 50,S50,9.0,54.697432,0.0,0.0,7.0,10.544083,4.408942,3.0,6.0
CAT 50,S50,18.0,61.730042,4.0,6.31046,1.0,11.496283,2.994226,2.0,6.0
CAT 50,S50,4.0,39.316476,3.0,12.713112,6.0,16.362246,0.46355,1.0,6.0
CAT 50,CAS30,7.0,55.709981,4.0,4.888627,8.0,11.916029,19.358865,2.0,6.0
CAT 50,BS110,4.0,31.626337,3.0,7.109797,1.0,9.888338,0.62535,0.0,6.0
CAT 50,BS110,6.0,40.797559,3.0,14.393531,9.0,13.059032,19.382018,2.0,6.0
CAT 50,BS110,15.0,57.66764,9.0,21.332898,8.0,18.35088,28.62679,3.0,6.0
CAT 50,S50,20.0,82.860248,24.0,35.189603,8.0,19.501627,18.182008,5.0,6.0
CAT 50,WC95,14.0,38.149615,8.0,10.772819,5.0,8.647905,13.97543,0.0,6.0
CAT 50,BS110,7.0,52.085294,8.0,14.676577,4.0,12.690273,2.75659,2.0,6.0
CAT 50,S50,4.0,38.232207,12.0,18.056657,5.0,15.661386,12.317069,2.0,6.0
CAT 50,S50,16.0,52.53975,11.0,26.339928,13.0,20.455476,1.046434,3.0,6.0
CAT 50,BS110,15.0,46.650978,1.0,31.8,3.0,8.710416,17.788831,2.0,6.0
CAT 50,S50,14.0,70.280662,5.0,9.567469,6.0,23.993186,33.115166,1.0,6.0
CAT 50,WC95,6.0,62.578673,3.0,19.588702,8.0,24.715946,26.116429,4.0,6.0
CAT 50,WC95,4.0,27.608688,3.0,6.305688,7.0,9.65736,1.495045,0.0,6.0
CAT 50,BS110,23.0,73.214885,5.0,8.555762,5.0,13.605065,3.320584,3.0,6.0
CAT 50,S50,4.0,29.943137,4.0,8.768395,5.0,7.835587,5.926799,0.0,6.0
CAT 50,S50,20.0,58.137432,0.0,0.0,7.0,10.4376,20.011091,3.0,6.0
CAT 50,WC95,13.0,56.025222,4.0,26.760984,11.0,16.092351,7.317261,4.0,6.0
CAT 50,BS110,9.0,26.53321,5.0,12.781779,1.0,70.5,8.091181,0.0,6.0
CAT 50,WC95,15.0,49.481059,8.0,12.569785,7.0,12.885692,14.580687,2.0,6.0
CAT 50,WC95,7.0,67.15931,5.0,11.879595,3.0,28.986212,27.870658,3.0,6.0
CAT 50,S50,7.0,83.272266,8.0,15.320655,2.0,23.882197,38.761485,3.0,6.0
CAT 50,S50,18.0,53.799005,2.0,9.857213,6.0,14.35036,18.552243,2.0,6.0
CAT 50,BS110,4.0,47.836272,2.0,12.393943,2.0,9.241098,0.095153,1.0,6.0
CAT 50,BS110,9.0,25.598054,6.0,10.749183,5.0,10.39921,13.543644,0.0,6.0
CAT 50,CAS30,17.0,86.33003,25.0,36.796406,9.0,23.351566,13.121867,6.0,6.0
CAT 50,WC95,6.0,59.817069,3.0,5.521576,6.0,9.611632,18.670023,3.0,6.0
CAT 50,BS110,11.0,41.901043,1.0,4.2,4.0,14.495791,2.246347,0.0,6.0
CAT 50,BS110,13.0,43.979621,4.0,12.6608,3.0,12.472853,20.193027,2.0,6.0
CAT 50,BS110,15.0,73.347036,10.0,27.278504,7.0,22.251348,38.105298,4.0,6.0
CAT 50,WC95,2.0,80.98839,4.0,15.040701,8.0,16.351942,31.331662,4.0,6.0
CAT 50,BS110,6.0,26.622873,5.0,7.474654,6.0,12.745626,4.638369,1.0,6.0
CAT 50,S50,6.0,57.434062,4.0,13.35842,7.0,23.216505,6.57535,2.0,6.0
CAT 50,CAS30,12.0,37.469736,10.0,22.796628,6.0,9.13896,20.341265,1.0,6.0
CAT 50,BS110,4.0,55.477393,3.0,5.83346,3.0,18.214681,7.639883,2.0,6.0
CAT 50,S50,16.0,69.81855,9.0,18.234165,10.0,18.30195,20.962681,4.0,6.0
CAT 50,S50,9.0,31.869349,7.0,15.225416,5.0,8.794805,14.343614,0.0,6.0
CAT 50,BS110,6.0,64.728754,7.0,14.370749,8.0,17.63134,0.559183,4.0,6.0
CAT 50,CAS30,28.0,81.369886,10.0,14.400512,4.0,13.98108,31.811081,4.0,6.0
CAT 50,BS110,12.0,51.648432,11.0,22.245317,9.0,13.333155,20.31202,1.0,6.0
CAT 50,S50,14.0,59.598403,2.0,53.4,13.0,22.423162,21.829508,2.0,6.0
CAT 50,WC95,4.0,26.522244,1.0,2.563074,4.0,10.02942,6.585701,0.0,6.0
CAT 50,WC95,3.0,46.75415,9.0,26.907988,9.0,15.462961,1.960333,2.0,6.0
CAT 50,WC95,4.0,29.972685,1.0,49.2,5.0,6.418929,4.91022,1.0,6.0
CAT 50,BS110,20.0,55.876392,5.0,8.531244,7.0,24.74712,20.698993,2.0,6.0
CAT 50,S50,6.0,72.906651,3.0,30.3,8.0,11.973287,29.207199,4.0,6.0
CAT 50,BS110,4.0,54.216122,5.0,16.839019,8.0,16.56297,2.416925,3.0,6.0
CAT 50,BS110,4.0,42.576172,4.0,6.93423,7.0,16.087414,20.788444,0.0,6.0
CAT 50,WC95,7.0,32.559738,4.0,5.88429,5.0,11.297837,8.778247,1.0,6.0
CAT 50,S50,12.0,58.024663,15.0,31.709623,7.0,11.315467,14.743174,3.0,6.0
CAT 50,WC95,11.0,33.955899,3.0,11.207448,1.0,8.060913,0.060035,2.0,6.0
CAT 50,CAS30,6.0,19.563806,3.0,4.188528,6.0,8.455103,6.179145,0.0,6.0
CAT 50,S50,8.0,32.245537,5.0,10.205048,3.0,95.4,0.735162,0.0,6.0
CAT 50,WC95,9.0,46.92637,2.0,65.4,2.0,9.850111,6.291662,1.0,6.0
CAT 50,S50,15.0,77.630725,5.0,20.000929,13.0,20.339928,38.707258,3.0,6.0
CAT 50,S50,3.0,12.72193,4.0,6.10372,2.0,70.8,7.112623,0.0,6.0
CAT 50,WC95,10.0,46.624486,3.0,14.523403,4.0,14.46107,3.995412,1.0,6.0
CAT 50,BS110,8.0,44.604912,10.0,13.757221,12.0,20.60553,7.373946,1.0,6.0
CAT 50,BS110,7.0,22.214823,4.0,7.174437,0.0,0.0,12.643707,0.0,6.0
CAT 50,S50,9.0,44.122739,12.0,18.356407,11.0,22.313981,16.905861,0.0,6.0
CAT 50,S50,3.0,184.2,2.0,28.5,11.0,18.943801,16.485791,0.0,6.0
CAT 50,BS110,1.0,220.8,7.0,17.885909,9.0,34.762129,26.023863,3.0,6.0
CAT 50,S50,1.0,23.575117,2.0,4.345524,6.0,7.389992,9.709772,1.0,6.0
CAT 50,S50,15.0,34.735331,7.0,22.228427,2.0,11.4,4.678825,0.0,6.0
CAT 50,S50,21.0,32.885325,2.0,23.151269,1.0,4.8,0.218281,1.0,6.0
CAT 50,SOP10,20.0,44.624844,4.0,21.861666,10.0,15.889149,18.417435,2.0,6.0
CAT 50,SOP20,13.0,10.375247,9.0,5.40605,2.0,1.092131,3.819269,0.0,6.0
CAT 50,SOP10,14.0,25.859407,2.0,2.21954,0.0,0.0,4.494729,0.0,6.0
CAT 50,BS110,17.0,28.374464,6.0,13.496468,4.0,13.071382,16.369714,0.0,6.0
CAT 50,SOP10,19.0,42.62641,6.0,18.03761,2.0,10.991441,15.038462,3.0,6.0
CAT 50,S50,8.0,14.542448,1.0,11.543422,1.0,0.961952,3.677965,0.0,6.0
CAT 50,SOP20,7.0,39.551766,5.0,11.524566,4.0,5.455416,5.071657,0.0,6.0
CAT 50,SOP20,3.0,33.326505,6.0,16.275735,6.0,10.592145,15.963701,1.0,6.0
CAT 50,S50,11.0,46.06274,21.0,38.54071,3.0,12.0,2.488227,1.0,6.0
CAT 50,BS110,7.0,23.276715,0.0,0.0,1.0,8.041047,11.185648,0.0,6.0
