L_O_S,avg-cost,International_mins
46.566667,1540.8917425378663,4.369472333333333
26.9,1859.82165954376,8.114904166666665
27.966667,622.0535543271367,3.582836833333334
29.833333,147.20054387498584,1.578545
20.066667,1746.7302045605356,1.754841
45.7,301.97464766016515,3.1298953333333333
28.433333,62.35119727352664,1.0243595
46.666667,118.76742317384165,0.18936683333333332
11.966667,444.6632883745931,8.166008833333333
9.766667,186.84919624895457,2.1758331666666666
11.933333,990.2633981167596,1.80965
21.1,1576.7451364939186,4.493251166666667
25.666667,125.98292,3.7360973333333334
22.033333,415.1818689215785,2.7943911666666668
18.666667,1852.793192098146,5.926378333333333
52.333333,81.76228065193779,2.2186476666666666
51.9,104.0726441845039,1.8094135
13.766667,99.42972081159276,1.0361958333333334
17.466667,36.41209470834515,0.02752433333333333
51.9,469.0470261797343,7.3309395
42.733333,288.98839488110036,2.617332166666667
24.9,51.77124931453153,0.38894249999999997
56.466667,694.1818716254271,2.4824051666666667
47.4,122.41390500000001,3.617130166666666
43.433333,424.7553651936412,1.5647021666666667
42.2,802.6849382635043,6.490605166666667
13.066667,144.96576962060314,3.619628
9.666667,596.0711715503,0.41260300000000005
13.566667,3537.07092796095,4.512030666666666
14.866667,7178.844405660877,14.389208999999997
15.033333,10591.77720352682,8.007542
14.6,7635.073713453781,4.613554333333333
15.266667,731.1601533665646,7.749010666666667
13.833333,6702.170951348111,15.003544333333334
13.033333,482.39009523184984,5.671170666666668
14.933333,10112.044455072935,25.63156083333333
15.166667,16538.549312529227,19.172099666666668
12.733333,1964.2251278454687,0.08752216666666668
19.166667,135.98910386074073,1.010913
17.533333,904.0443382972455,2.539769
23.233333,77.307945,2.1135981666666663
24.233333,796.2975254468812,5.876452666666666
21.9,1459.1701019566162,6.660179833333332
38.233333,938.4927364250661,3.4536255000000002
49.566667,407.6769301259068,0.20227766666666666
44.3,850.7734791751234,4.263569
49.966667,1387.338814023345,0.6994205
11.8,922.971091912164,4.658804666666667
51.7,26.954392472363757,0.23773200000000003
55.1,302.1928764434616,2.3208673333333336
9.933333,266.10027894587677,2.7455138333333333
21.633333,663.1227108998241,6.745105000000001
46.133333,3001.0418560539406,1.3310783333333331
17.0,325.3374512345958,0.2022775
28.8,311.80367463697746,0.202278
49.5,240.60980423122618,0.9134323333333333
51.666667,567.9805554004796,2.0706923333333336
32.366667,1071.4396408089779,0.5408503333333333
35.133333,1278.825707004643,4.065233
28.633333,1893.9020165723143,6.974382333333333
19.366667,845.5479533089508,1.6555406666666665
23.233333,74.95052241484042,1.6524833333333335
18.533333,746.2263310739072,1.3374466666666667
51.633333,135.8309636725747,0.825253
44.566667,145.0704513035219,0.39900900000000006
35.333333,2604.9519138196474,2.154508
28.466667,336.5843149005756,3.1850855
12.333333,652.1909957848452,1.0041185
42.8,359.00502250140323,3.4956425
11.233333,422.7071263953463,2.7195968333333336
39.566667,690.0333541239312,1.3190856666666666
51.633333,822.62483,1.6131825
15.033333,889.9303540055116,1.6555425
40.8,839.3848896784915,1.6555391666666668
43.733333,587.0004770177297,5.840213333333334
27.233333,42.007785,0.9369261666666666
18.933333,94.98910000000001,2.7029699999999997
57.166667,51.006795,1.2368931666666667
38.9,117.117315,3.4405771666666665
55.766667,165.91025503988544,0.8071511666666666
42.4,79.21359500000001,2.1771198333333333
19.633333,212.0307411781078,0.15762700000000002
20.5,729.1088930386193,2.9456073333333332
31.033333,341.42598897436653,1.2794758333333334
44.366667,518.853925080019,6.864065999999999
12.866667,153.1021178027051,3.159779666666666
55.933333,114.77156500000001,3.3623855
15.066667,920.868163478039,6.0877845
50.333333,114.77167,3.3623890000000003
52.433333,15.545070000000003,0.054835666666666665
46.133333,862.2290525172516,7.5438011666666664
33.233333,734.6553718053174,7.330932333333333
39.533333,273.29884914796156,4.530354166666666
32.6,652.2658968508908,5.8402015
46.7,1153.9926868643915,8.770562333333334
47.866667,648.708682353219,0.0959655
39.666667,64.64345999999999,1.6914486666666668
55.3,417.46038022542933,8.451910666666667
41.233333,525.43964,2.617988
15.966667,973.269109214292,6.1763545
30.766667,247.9671675459362,2.175835166666667
21.166667,444.1892809239255,8.166017166666668
39.466667,352.9544121691775,6.666853166666666
56.333333,1413.0943471211249,12.007891
47.7,1384.7442318952817,8.267331833333333
35.633333,2153.608044152253,18.518562333333335
40.1,1165.5202717082961,19.682067
38.033333,1469.7181103464077,11.101243000000002
48.033333,1523.9781208333334,15.732347833333332
26.0,1490.5045043887435,7.311586666666666
41.1,687.5580215828296,14.589953333333332
48.566667,2308.960911727018,13.416994666666666
45.8,396.99471038476236,4.034621166666666
41.766667,1709.7037457651227,14.659419166666666
51.833333,3062.3183185957378,10.282471666666668
23.533333,1803.7844768464684,5.5935985
35.633333,1788.9243529686626,17.649045833333332
42.633333,3152.9990599477132,2.6859231666666665
28.933333,450.36001114758034,7.482011166666666
42.633333,1741.1977932671825,1.6769515
57.166667,896.4768373274517,5.187189666666667
40.533333,142.21826459100947,1.1942598333333334
26.733333,4775.668157187743,17.7716345
44.266667,1120.371455594637,3.2798870000000004
42.233333,1073.864448316826,14.535151999999998
48.966667,817.6473851097693,11.914449166666667
40.266667,2650.994212074592,11.900654000000001
19.633333,812.7208445994977,12.2882075
19.566667,1253.5336161164523,17.11724416666667
47.2,2076.0764634279917,0.7122353333333333
53.333333,306.88322440293837,4.286212166666667
20.133333,946.7454844462743,11.440546666666666
57.6,2629.4529720178834,13.909996999999999
20.366667,1931.3872303304965,6.175356833333333
34.966667,1574.7074486878205,1.9330643333333333
34.6,1877.1560292644515,8.052817999999998
30.4,30792.786145950726,0.09727016666666667
54.0,23853.08114696717,20.022288333333336
46.866667,41474.89912165839,13.056848166666667
32.033333,38442.940952672754,7.7377685
33.833333,31610.204442222108,10.788422833333332
44.266667,26585.936837304147,11.040674
24.866667,33751.594166404306,2.9578291666666665
49.8,25379.196296034628,11.564990666666667
21.233333,27065.481190709295,15.6028555
27.133333,27261.701494063767,24.07313616666667
27.733333,37431.21677695133,18.147607166666667
44.8,23371.74803935428,9.055089
13.9,38529.46060943908,10.717014833333334
54.133333,19253.51654115776,1.203015
25.1,32752.904604101597,25.646410666666668
21.566667,36758.46202696573,17.78582216666667
50.466667,28857.54676365688,15.416555833333334
12.4,21025.08456012705,16.4139245
44.033333,12419.292467865722,20.026439666666665
41.166667,3865.7365622364086,17.995824666666667
36.3,10572.83115138258,1.7801071666666666
54.366667,15720.168369626366,10.251840166666666
55.966667,7334.466475328796,23.753401166666666
28.2,4851.765847466671,9.802716
28.6,3689.096598660741,13.426578999999998
50.733333,15147.90561464094,21.554425333333334
36.866667,1631.180069004101,0.098858
51.133333,4011.5116055897215,15.944513
29.333333,15169.625164516732,16.539562333333333
22.933333,10995.501053345237,5.5858565
14.133333,25157.2072041422,16.665497833333337
22.433333,19548.2908378907,4.2601960000000005
41.766667,13660.119012494208,0.5390604999999999
24.0,7994.910599584287,6.153982833333333
48.966667,16346.06163153284,6.496967333333333
40.066667,8071.703029817674,2.732251166666667
11.7,5296.2035033155025,15.162114166666667
16.866667,19733.750197911482,6.227942
55.0,13394.582991101535,13.714101000000001
19.1,1390.3896615945116,6.963256500000001
36.533333,4340.431804740381,1.4930123333333334
25.733333,12269.307537160706,11.305526666666665
54.8,14196.202176475017,13.818811666666667
15.433333,10354.450200494157,1.2310625
42.833333,8017.508285072643,2.7489755000000002
28.933333,30457.2110322628,5.602041333333333
41.2,15347.47746069899,15.497546
38.766667,8075.391746768459,6.9296655
27.233333,7683.511046738672,0.21866400000000003
27.8,7790.824942770725,3.8595408333333334
44.3,16499.305373464285,7.881250833333333
49.466667,17541.541967534667,18.251687999999998
34.333333,4133.299922948542,8.841406666666666
28.066667,2147.1810868891616,1.785809
43.0,30927.79033676421,17.78988933333333
13.566667,3740.678456547088,4.512026333333333
35.433333,29239.85720763287,13.910264666666666
14.233333,9183.696508223658,18.748400833333335
20.266667,21740.150990953418,15.348746666666667
47.8,17815.271423710932,17.047829
56.7,24417.586504206913,1.5734006666666667
41.566667,6164.23703659182,2.6889456666666667
13.033333,31231.68416386272,15.531446999999998
22.6,13296.614299880843,14.321540666666667
15.1,17841.913103852417,13.476546166666667
17.933333,4175.359960709184,0.4188388333333333
10.833333,4107.548353447537,0.4188378333333333
58.166667,3966.2656806007267,0.4188385
50.466667,11394.159439502497,12.984131833333333
49.4,28491.033095907336,23.11643683333333
43.2,24338.23702965302,13.818159666666666
25.033333,14173.468586687894,10.326982833333332
48.266667,24955.874233732087,10.778552166666667
37.266667,10753.59769064961,6.910232166666667
10.7,18216.768782557403,3.0985123333333333
38.933333,4385.187910158711,8.660656
17.533333,11617.982439239018,18.204690999999997
37.266667,19316.012421479554,9.558630833333334
52.533333,9210.20161906743,7.5231585
10.1,32666.11975305763,17.272204666666667
35.766667,17372.272935084602,17.630335666666667
57.4,8572.573823554601,3.7962126666666665
40.1,14738.844632146825,0.5182596666666667
43.933333,4534.597555012794,1.1024721666666666
17.333333,4410.875206118986,0.162025
26.0,3146.062176201353,4.158778333333333
32.033333,8826.164050429168,4.011444166666666
10.333333,15613.206022852399,3.197325
17.233333,37828.73952265708,3.506613
44.433333,15808.738148011233,9.282270833333333
36.633333,26366.919232092227,9.791565333333335
36.233333,14118.50563904916,6.491025666666667
38.133333,4479.691824418958,2.278574166666667
16.133333,9185.593620487502,9.5484225
14.133333,21339.73713630724,19.546226666666666
31.533333,5629.814720555183,8.711215
18.3,6629.743534235948,4.842893833333333
26.3,2785.4802285680994,6.994164833333333
54.066667,4473.6907637478225,10.373568833333334
48.366667,19331.86237888164,7.677190666666666
20.833333,11398.87699072108,16.153828
40.933333,4118.5661058277055,9.399265666666668
28.5,4115.932782960602,9.399274833333333
17.033333,2642.4023742108325,0.871884
39.566667,2770.1511582726494,1.7965105000000001
25.266667,11567.553897941842,11.7024665
15.033333,10667.796269964012,8.007542166666665
47.5,25339.843088003996,5.751336833333332
27.4,1906.4016997297233,6.589139333333333
43.2,7961.39085,4.401328166666667
35.8,4750.245829334075,10.428120833333333
25.066667,1889.0395294322734,0.4311746666666667
37.766667,7163.557034029691,4.1146045
38.666667,26956.509505857844,17.8902155
14.8,3025.7430099484704,9.564277333333333
50.633333,3971.8925900299428,5.681435166666667
25.066667,10040.24698710289,12.279414166666667
15.966667,36447.29876014685,10.162604166666666
17.0,8596.754951147244,17.350204333333334
16.4,6888.485218072733,0.17336133333333334
53.066667,15911.812797320727,8.038952166666666
18.033333,25690.71997490572,12.131568500000002
42.433333,16041.121353651415,21.969103666666665
17.933333,9793.53227628088,7.116967166666666
47.433333,28495.530322413237,23.899450666666667
49.366667,17418.15703690513,17.082868333333334
50.7,14330.291754929855,17.776849
10.866667,27702.385842428383,13.893426166666666
21.866667,9222.400458599772,4.497895333333334
33.666667,20001.852751476137,6.477848166666666
36.166667,15392.286505756618,6.0708709999999995
21.0,17109.06513625219,1.1740636666666668
54.6,10846.103597604624,1.9486286666666666
27.2,2592.896602708348,8.638249833333333
37.0,27480.127456171802,1.2202436666666667
47.633333,23675.98271581801,3.1547201666666664
40.233333,3182.1413653398267,0.8526905
46.366667,19414.723452708407,10.388986333333333
40.8,5191.618238470299,9.668488333333334
42.333333,13421.559494259465,11.897598333333333
50.9,14459.43763702089,11.712352166666667
10.466667,21936.44669404458,21.283477166666668
31.8,18855.50243108269,17.909748
32.466667,22314.116472806734,20.384889666666666
13.233333,17572.702271176175,11.849857
57.3,5165.978706267051,7.187585333333334
52.566667,13832.82209812823,12.153000333333333
25.2,4280.094143333854,12.270814833333334
26.766667,30836.238547295026,0.809005
11.5,8537.76638353094,15.947589833333335
41.233333,25477.99724197118,1.3955603333333333
50.5,9739.470748328993,14.522061333333333
26.1,6312.933715270833,8.013408833333333
21.366667,25686.37727674601,24.178489833333334
24.266667,9174.315737842157,10.318348166666667
53.066667,15189.667678472759,7.4113255
14.433333,4258.345144503385,9.523189499999999
39.733333,3971.2117154618763,2.8328796666666665
27.3,5911.053688023068,8.4608645
14.033333,25205.524528240006,2.0813253333333335
35.8,22460.66696060104,5.445441333333334
13.933333,6287.377356397712,4.048331999999999
47.666667,9417.669389938257,9.9778925
38.2,17704.590739868647,18.542521333333333
10.833333,22239.306661213093,20.497343833333332
27.733333,8019.60250720349,0.33349666666666666
45.766667,41898.59408817324,14.706872500000001
21.333333,12225.842284297574,17.193235833333336
11.333333,15841.306062333617,13.731067666666666
31.7,19773.80353991272,13.785358
41.966667,11550.216436278344,11.101063833333333
57.8,14809.67191689992,2.435266
37.033333,3449.01588418152,2.57539
13.366667,18218.75203374574,9.336020166666668
17.033333,2462.5262307078647,8.979599333333335
30.266667,19588.572295972146,15.901042333333335
56.0,2990.5797842762036,10.863387166666667
47.566667,20704.778050333032,10.247497666666668
24.6,10051.756534921127,13.474229333333334
23.833333,13053.51783681944,8.552807833333333
29.233333,24694.446071550425,10.3872715
30.5,5776.04924184723,11.657381833333332
14.966667,3353.636480687175,10.872054333333333
20.866667,4152.603243006381,4.756403666666667
57.533333,8750.233808874402,5.218029999999999
47.766667,16017.36076320992,19.904427166666668
36.766667,18272.89764319723,18.662783
25.033333,21336.30431679475,19.65257616666667
29.7,22421.421305970125,2.185906
22.266667,39204.8781252563,5.520122333333333
34.133333,7901.290786672445,4.236632833333333
27.9,3058.9570920193114,11.095565333333333
27.0,24316.897729147553,10.079346499999998
39.2,16328.643522406304,10.030048333333335
45.8,7689.156367029717,3.2183111666666666
49.333333,22279.51785758412,2.2661815
32.166667,15923.1340383457,2.56285
57.333333,29955.986951826162,17.571961166666668
40.8,29830.326417825963,14.899429666666666
25.533333,4866.009235675068,12.058741999999999
14.933333,17011.781802439004,3.1412733333333334
32.333333,14716.260434580683,13.316608500000001
42.366667,9255.955748131697,8.964930833333334
29.166667,12946.866220690119,11.589260333333332
37.166667,3227.996799886102,0.8526896666666667
38.4,22015.555143966867,18.602480666666665
16.433333,2731.679540862397,8.638258833333333
21.166667,2725.5920711480985,8.63825
44.433333,15256.780642732916,25.996043
28.5,12601.617463082363,20.654904166666665
44.566667,2892.9133935607865,3.3577846666666664
12.366667,35185.25050730899,9.935203166666666
52.6,10579.831219743233,6.358017333333333
26.966667,16547.258998247115,21.0224065
19.966667,21420.1360306093,14.676291500000001
46.233333,4637.083811119318,10.114919166666667
42.166667,16444.106861330845,4.9069535
44.766667,15592.220841616636,19.142829499999998
42.266667,12442.46852882499,10.530637666666667
35.233333,2467.9548749572255,0.8718831666666668
55.033333,27941.484921727802,14.638700000000002
52.866667,2219.5679511213507,3.8973768333333334
13.466667,11245.054120895566,3.52339
44.066667,10768.021299323966,3.2559346666666666
50.366667,8303.821513733494,11.274548333333332
30.5,11740.67159662213,11.761733
42.3,11505.473295813896,14.160869666666667
31.033333,5887.968238594897,3.044095
54.366667,18760.92199526787,8.975298166666667
49.3,6277.040099762473,6.044684833333333
37.466667,17866.02357442204,8.402527166666667
35.433333,12638.07564314443,4.051147666666667
34.366667,2831.141956030805,4.883447500000001
30.1,10323.93314183407,4.037020333333333
18.633333,1407.4956725092552,6.963242666666666
12.533333,7136.341315460724,9.0523775
49.866667,2520.7694280555506,3.0809503333333335
15.5,8661.15946412515,15.328327333333332
10.166667,15290.87185659288,0.04923166666666667
16.4,21446.97774896086,11.701933
41.533333,13580.624370898448,17.184833333333334
34.1,10789.248787770075,13.453224500000001
26.066667,16316.495750758799,15.620980666666666
26.166667,5758.8608970004,4.9085235
37.9,18433.45287882806,2.336948
16.4,27586.62298599375,2.6654678333333335
32.533333,19091.28764599084,2.5198365000000003
34.666667,9026.56690889228,1.6568718333333334
39.233333,4309.6018855236425,11.961483333333334
45.9,16835.27378950538,6.410214333333333
33.8,4269.915155489603,3.3265743333333333
22.366667,11808.926409445725,18.473662666666666
10.766667,8700.51569295808,11.2713715
35.333333,34332.40763168847,13.556807333333332
11.266667,9800.02888240683,12.411697666666667
17.666667,6609.650981055237,4.293418666666667
55.733333,6922.095282384898,10.919369333333332
34.4,3493.09579791952,2.5796185
13.966667,34195.54173839776,9.0972245
58.2,21490.306071281615,17.732547833333335
21.7,12905.992578905049,9.761351999999999
20.766667,19353.461817614458,5.510879666666667
46.633333,36957.07121612756,13.771285666666667
12.766667,14502.12841234143,7.047463333333334
43.466667,15128.741458788514,10.2041495
24.0,2059.3668174832446,9.984842666666667
47.433333,2045.4163228156813,9.984852333333334
13.3,27438.535513949013,18.785389333333335
19.333333,7718.391144209279,3.243256666666667
26.066667,18953.339030949668,8.694782666666667
51.333333,31708.20019010586,23.889711666666663
34.533333,4889.308310815475,5.768454
20.566667,17205.755897733616,9.639545
22.5,6454.237767059698,13.340622166666666
43.233333,4268.101879375161,3.3265776666666667
29.8,13626.800779098208,5.849275333333334
22.033333,1364.2223331278356,4.916974
18.7,3586.677440607869,12.1510075
27.066667,6721.4701157742,9.495319666666665
20.5,7202.062596409941,6.738502333333334
32.066667,2311.5997531940875,9.747161166666666
50.633333,23446.016690432763,5.425216
31.033333,4375.508063372031,3.8435646666666665
10.8,19333.322815317748,16.2520775
48.766667,3407.8645946495094,8.001731
10.233333,14973.852109268853,5.475238166666667
47.633333,23187.72510312846,12.7973545
38.233333,2075.387995833901,9.984852499999999
52.866667,8912.029982624827,12.409972000000002
47.6,15255.926937959583,1.0151736666666666
34.533333,6546.16217040576,6.113039999999999
28.0,29815.16637395851,22.7504965
19.066667,3402.920086876253,6.644929333333333
48.966667,4792.561182820738,8.9170155
21.333333,9632.60969664477,15.389630166666668
30.266667,2923.347835242042,3.442408
20.3,17638.516800372043,10.296274833333333
32.966667,15303.91192439443,15.507097333333334
49.933333,8880.622820720404,17.9761825
50.7,15489.806851823527,25.85506
56.4,17646.47860400451,5.032951666666667
11.366667,8159.240761476832,0.6211838333333333
37.666667,16005.850299780745,6.364557666666666
12.533333,15941.444355124171,10.549900166666667
54.666667,22535.983242707898,16.48533833333333
45.2,13565.242218283161,5.333872333333333
18.8,17109.629849230816,23.8794725
40.9,34753.119854177814,8.297706166666668
34.833333,8396.007895044278,8.855621
14.533333,34575.603559088,4.610679333333333
40.366667,13088.604969809958,6.637373666666667
31.066667,12663.938044184284,12.898675666666668
14.2,7268.484354489429,5.6169115000000005
49.966667,11095.568901075425,1.6453573333333333
51.466667,21083.544553937743,13.2014955
17.233333,18880.421642925223,20.931901333333336
22.333333,17432.870145814864,7.985596
25.0,30056.00965667938,10.505631999999999
32.7,2042.1908316011952,4.641110333333334
15.133333,3552.9419354319416,2.5796208333333333
56.5,2816.390051349206,4.056713333333334
25.866667,13859.007696845812,25.425136666666667
34.333333,3877.3531296138153,13.154629833333335
38.066667,22324.653367634648,15.264146166666666
31.0,6022.215640162093,2.3352218333333337
51.0,2946.842823815119,7.930095499999999
43.366667,17522.963618331218,5.867670499999999
42.733333,18438.968861434158,8.097890666666666
37.633333,7421.990565414604,0.8731908333333334
29.466667,4874.967097810874,11.045136333333332
46.4,38097.55584891992,10.751588499999999
37.533333,5699.691173462304,11.202088166666666
54.366667,2607.281555027007,10.118820333333334
42.0,10273.073911566322,6.984579333333333
49.3,4947.735736242545,4.234271666666666
41.366667,34264.02139144037,18.404430666666666
30.7,9560.083218883834,8.559741
29.6,5718.2294006648,13.021325833333334
48.266667,2245.911338917948,2.936018666666667
56.066667,13235.362781418542,21.034608
19.233333,13312.483778479931,14.090668
26.033333,924.636355764839,1.2576826666666667
50.6,9121.804050188583,16.9185385
16.666667,10940.704720374471,2.9750113333333332
13.366667,8349.781611553457,11.4092435
30.366667,9237.1338143459,17.17881
14.3,4910.042634043281,17.5145135
33.333333,1329.5834455795027,10.471417333333333
15.266667,721.8413044212807,7.749010833333334
44.933333,1360.830539308567,10.471427833333333
52.633333,8390.161400157645,10.72414
54.566667,868.6723825,9.182823500000001
36.866667,4577.814060000001,7.337395833333334
34.233333,4605.096774408479,7.547810833333334
57.866667,8116.134349733107,23.866157166666667
54.7,8049.099098766771,21.181957333333333
19.166667,11439.26237301484,11.097643666666666
29.933333,6379.33704872539,6.489588833333334
31.566667,3217.824456061787,14.286471166666665
40.4,5702.138025450097,13.922855833333333
40.166667,4793.3764345993595,3.959680166666667
22.233333,8000.211529934602,4.452040333333334
39.566667,8169.924155700319,3.674357166666667
54.466667,10468.463990712396,20.8481795
17.033333,2886.1776588106677,8.742039166666666
56.0,3944.8804087554736,2.7973481666666666
33.433333,5096.893215006851,11.190214833333334
19.033333,10624.352117541253,9.995685
42.333333,8203.219960606997,9.286592666666667
18.0,9417.154228973452,22.313125999999997
31.266667,3288.895747098191,11.024860666666669
37.766667,2386.2845361638947,6.626899833333333
33.433333,3213.496551629711,16.185813833333334
41.166667,2385.869612969399,9.344040833333333
21.833333,11314.756791630969,14.860121499999998
19.0,4994.12318594331,12.197118833333334
49.566667,994.5496992255685,0.2602696666666667
43.6,13003.326602855022,20.538921833333333
15.966667,7014.452883704495,15.712230666666668
29.066667,5743.555542317759,10.2805155
31.033333,4270.318578446987,11.207919666666665
50.966667,11614.572635715334,0.8215561666666668
17.0,3880.679667121881,12.628750166666666
40.3,4179.319891410999,7.349214666666667
15.566667,12187.692285347062,8.871655
25.7,6541.893949593823,16.99834166666667
53.3,12960.10682894929,4.217271333333333
49.6,3333.366407901307,4.641607
35.366667,1995.1170103173188,17.411624166666666
31.8,896.5744661772171,0.8143221666666667
52.266667,957.7533306873773,0.8143221666666667
53.766667,9266.551998206884,12.911640333333334
27.4,12487.131193719886,3.999672666666666
33.266667,844.4342920072177,7.846126333333333
44.566667,13629.342779173066,0.672075
10.866667,7048.108474513273,17.5517345
25.666667,7152.884710279666,11.912510333333334
12.966667,5268.451415755023,9.660610666666667
55.433333,7989.564077748119,2.3345355000000003
19.133333,2952.021870325396,10.2083485
26.4,1911.782969797658,0.57816
28.4,6145.298235620822,14.780741
42.833333,4313.589001643035,4.213414333333334
55.8,7320.185765995582,9.399569499999998
21.166667,13641.67178155823,3.3808165
43.933333,1406.661497650292,4.8353893333333335
46.633333,9664.454763264433,5.439377666666666
22.166667,3026.1317328046557,10.620442833333334
18.466667,7270.40274538503,6.218744166666666
50.5,9425.242413685897,5.6624455
36.166667,2727.9148736032244,13.840262833333332
20.933333,4826.46502399696,11.049762
47.333333,9199.182336174117,14.372041166666666
12.566667,1040.1614025861609,8.129174833333334
22.3,983.5404036612897,5.003518333333333
17.1,3320.016145100535,18.38945
37.533333,6556.306696380746,9.866282
42.633333,4316.9008814865765,5.130210333333334
53.3,427.77418941250437,2.9103108333333334
38.4,14859.439338796255,15.822649666666665
43.166667,5797.886357895757,21.504795666666666
30.566667,3836.69630099135,13.354349833333334
27.033333,2255.80434336348,9.100380333333332
15.133333,3539.0431802529192,5.116730499999999
57.966667,9965.573016812645,14.084568166666669
11.4,914.5100627022293,6.1850966666666665
40.1,1714.1517074198423,1.7866968333333333
18.266667,17136.546434784417,13.775469166666667
52.633333,3628.3523459437447,13.729987833333333
22.6,792.0706790321368,9.302185999999999
31.133333,4923.543019005889,11.994061333333333
43.9,5996.015685921025,13.793595666666667
43.433333,11363.026060468597,3.2245903333333334
46.833333,3682.2713314985317,11.698111666666666
10.933333,4851.220791657157,10.446036166666667
45.666667,2176.9095748096106,10.081351666666666
37.033333,9073.661568744334,17.753941166666667
40.066667,9883.12351666811,21.038281
24.033333,2107.0270626078177,9.080783666666665
53.5,14062.909998432557,16.9248675
14.2,2047.7481118148598,19.26998283333333
30.733333,6129.174099141554,24.808253166666663
42.4,10683.28752212205,0.6140353333333334
42.333333,5131.801407867195,22.014136999999998
30.733333,6536.129669484358,18.4516125
16.833333,1194.3454948476522,10.174795666666666
24.633333,6753.5109608554585,18.331481333333333
41.533333,4911.325255966473,7.288123000000001
57.7,6390.091546835487,3.5853953333333335
36.8,8490.613423863333,0.17583683333333333
18.3,4838.039779013996,14.661292
31.633333,3923.3628617353397,18.834292333333334
49.366667,21456.131668263577,8.675868166666667
33.8,15383.771160473178,7.994805666666666
31.066667,8775.29372207032,1.84802
25.933333,6381.261466214885,1.5259648333333333
47.366667,3995.4487541582707,12.701902166666667
15.8,2123.691875300673,21.760736166666668
30.366667,2942.6891691502606,9.443228833333333
42.533333,2980.6703844357116,9.7639275
37.1,2797.695308520977,1.1323068333333333
41.8,1901.5151321206727,9.537596833333334
17.566667,12008.171191080064,10.317026666666665
54.333333,2963.6243197776566,13.258893666666665
43.5,8756.636401076457,18.7090965
49.766667,5091.847187843621,0.0510115
18.233333,890.6010824577133,13.089770999999999
47.266667,5414.707240719841,9.078796666666667
32.466667,9974.867641287685,17.777743500000003
47.8,11806.441922786675,10.6509785
28.1,9397.344968251835,9.258524666666666
53.1,6208.9158360600295,12.8479555
55.3,2802.9927555524046,12.0447715
44.1,1953.0601537192224,12.714663166666668
23.833333,8381.67824245901,9.966257833333334
34.666667,17407.90046566561,14.089747499999998
49.433333,2764.870619497616,2.6141778333333336
13.133333,1671.2870804283377,6.868765333333333
38.833333,7883.110790838768,10.368549
23.3,2941.5450535024456,8.991817666666666
26.566667,17488.78566858446,14.0910035
23.066667,7939.0493006149045,4.664375833333334
41.3,5987.907012124361,14.391172000000001
45.466667,3934.7660004203844,13.901893666666668
43.0,4203.398530390196,14.366415833333331
30.066667,1436.616116913699,2.6086538333333333
54.066667,9725.996802246615,3.2758955
19.866667,1645.3855396610238,2.8651203333333335
41.3,7267.022067963191,13.750281833333334
37.066667,7792.441105980415,7.361930666666667
23.333333,3171.9538859969043,8.100877166666667
20.6,5391.262003147536,11.985118
23.933333,4218.424943068422,15.4724365
12.066667,1082.8953822081337,10.866351833333333
57.966667,5256.474841842317,4.587722333333334
14.9,320.319445,10.213981500000001
11.8,399.84724975561926,1.5409986666666666
15.0,1580.6509964839536,12.228602333333333
36.6,5523.936680665526,8.134667666666667
19.0,2997.981525455474,13.406797666666668
47.233333,6699.105037171339,12.345510833333334
14.433333,2912.4160051270005,7.134610833333333
15.266667,307.16048524277613,1.1851891666666667
32.633333,2626.7233812478744,9.446159666666667
23.966667,1010.291922035479,1.0676135
28.533333,7601.62255570654,13.9229315
56.933333,5048.484010295011,8.636158333333334
19.466667,2341.598766581683,9.197875333333332
52.266667,719.8274046231131,8.2173735
22.566667,4296.164306393207,14.895494166666667
42.833333,1489.5415985249006,11.7458075
17.066667,9900.963036451565,6.695631
27.0,779.4362921025667,10.496800833333333
30.8,2442.1169272335533,8.420776
13.033333,473.3964333072763,5.671165000000001
45.233333,6433.8570307919435,4.1775965
12.266667,3371.617896006222,6.671849499999999
29.466667,9657.630597749812,7.381876500000001
55.133333,1708.6610094394262,3.438771
55.733333,7375.916283843052,6.659345166666667
24.5,4081.5359881123004,10.185526166666666
39.9,937.1875911384127,0.8143221666666667
40.366667,5957.53297071297,10.397880500000001
15.133333,849.279056530869,8.6391295
58.066667,5222.946600653314,4.4811955
25.1,8998.424288747545,14.016834333333334
16.2,3273.447542530398,11.7093735
21.066667,3125.23798180193,11.354111166666666
57.866667,11436.398205022877,17.289370666666667
33.7,745.6947741924985,3.6841246666666665
28.666667,3902.47182214351,17.958317
46.733333,747.1015108562326,7.7490185
52.366667,2495.226593447085,6.9557645
49.766667,3841.6334632623366,10.164830833333335
31.2,9241.299412719389,3.6261564999999996
43.8,4558.1266097364405,1.4207673333333333
23.733333,12256.084931684709,8.513160000000001
21.366667,775.3517314152114,7.693605833333334
50.633333,3841.303584074184,16.389562166666668
43.566667,848.3229317883051,3.6841316666666666
39.9,13423.838803723997,1.6225396666666665
22.266667,1091.500041339877,3.209866833333333
48.766667,10048.122740578183,22.047356
55.933333,2574.7573079739736,3.0376213333333335
50.9,9013.839698149965,7.789211833333334
53.366667,3798.5758711809817,7.227933833333333
41.966667,8575.422502931435,16.830538
22.0,8702.820868981034,7.231386166666667
16.166667,6734.635827871857,11.637215166666667
54.166667,1614.0606726546916,4.788303000000001
25.4,4025.1112478582895,18.275113499999996
12.033333,1803.4366646141361,5.394726166666667
15.0,4043.852375481237,6.800173333333333
12.1,6201.518875235311,13.8216775
11.9,7338.663723880916,22.56767766666667
23.0,6433.605552742233,2.9326784999999997
16.933333,705.7564857592893,3.626060166666666
55.1,11135.699817357192,17.807033333333337
55.7,5172.849250972849,1.9706205
26.533333,2421.845195838845,6.418515833333333
55.3,996.6167926023003,4.7142455
36.133333,769.323400741109,2.2037153333333332
46.966667,817.4358132579825,0.3987841666666667
22.6,8911.947042842863,17.656985166666665
11.233333,5371.78366234747,11.1370625
38.833333,5468.891185832011,7.564863666666667
32.033333,1719.1903017289842,3.744899333333333
33.966667,3147.241465842512,11.063256333333333
31.533333,6223.068515205094,3.218684166666667
48.466667,3067.667212400258,10.7077575
32.4,3981.2312951793924,6.941456499999999
38.933333,3924.636614591971,2.696159166666667
30.5,5727.571642049628,18.952104833333333
13.6,822.1976245628485,9.826881
56.966667,14529.684771596458,6.150615
56.9,7812.433496043482,5.049935666666666
51.333333,6128.63535443069,2.4675113333333334
27.1,16629.618654466627,2.248103
33.566667,5677.362226011635,7.838817499999999
20.966667,7863.3379533717,21.02883416666667
18.6,13425.600192275215,20.100111
34.6,9031.576804550514,22.64853216666667
11.8,13547.57722536449,1.1310886666666669
54.733333,516.1968485701344,8.749219833333333
27.2,10852.841964630301,15.341889666666667
55.6,9903.662112212613,26.672920833333333
46.733333,2339.4486159581525,0.49387966666666666
26.766667,114.00737454994108,0.05022383333333333
36.066667,7534.367504371363,9.439653333333332
46.233333,1457.4860053882476,11.755015
24.0,496.13986441194123,10.001814666666666
46.133333,5505.462895555911,8.345154333333333
42.433333,10143.459849487264,15.797781833333334
11.833333,5537.410822686503,15.790831833333336
42.333333,2071.2874240924707,5.596649833333333
14.233333,1099.6627298340973,5.155894666666667
45.366667,4908.498366171781,17.153418000000002
40.966667,15052.559046378798,3.8216995000000002
36.066667,6135.591706407342,13.188284166666667
16.5,3818.1642284569016,1.062811
43.8,6751.868693891138,6.605271
41.566667,654.204134618775,5.166104666666667
16.266667,3980.685460128491,14.895726333333334
56.633333,1717.2899823014882,3.9930521666666663
24.333333,9884.516729065763,16.136604166666665
35.633333,2693.0184921197924,4.487816166666667
48.2,575.2598596844894,4.684092000000001
24.533333,7935.042618014184,12.978017166666666
29.733333,2529.7492516866105,16.791724
36.533333,4700.401491223733,9.566288833333335
31.766667,7463.96965045168,14.784767833333332
49.2,2436.617442456686,0.07532633333333334
56.4,296.8328114756014,2.2612651666666665
22.266667,4698.359590247078,8.466761666666667
55.733333,7536.882602319799,10.232093666666666
16.766667,3061.157839066824,12.380732666666667
49.066667,2115.0672625740294,16.009273
48.9,1162.1322918746703,5.698233000000001
40.166667,1332.6846327236192,12.298565166666666
40.7,13017.118201358873,8.373091166666667
22.566667,8733.559382981932,7.217877666666666
55.0,10301.145684255309,4.6170184999999995
21.8,348.98736765662306,1.2184156666666666
27.933333,1872.080023735136,2.1292635
30.366667,7505.369736237563,9.197930333333334
22.566667,322.9931518057495,6.449161
52.033333,1391.8652982650524,11.320924666666667
32.5,8143.760295592491,16.758695333333332
44.833333,1002.4595059798248,5.698239000000001
22.666667,4127.6129644203065,18.681282500000002
55.166667,19348.97332023687,20.192722833333335
34.166667,4819.696915153642,9.323333166666666
30.666667,7143.977791334341,1.2576205
41.766667,2939.563477786216,10.280168333333334
12.533333,7640.48526150175,0.12118999999999999
45.266667,1343.6612399696235,10.471427333333335
9.933333,3021.34842348438,9.815553166666668
41.233333,6583.726105246045,5.728585499999999
15.766667,5518.898881216523,16.6829685
17.666667,2251.010850911346,12.0722665
32.366667,11353.053636915476,2.8491938333333335
26.766667,5834.504629703193,13.507568166666665
35.0,4937.880685245408,3.242155666666666
52.333333,8196.51141054292,21.053073833333336
47.366667,12470.236422648346,16.580205333333332
37.3,8696.441063977612,2.523960666666667
52.366667,4655.7328723369,4.824357666666667
16.8,13369.037642867675,21.13829733333333
23.133333,12814.718812830066,25.850720166666672
54.933333,9344.850364649235,18.6029625
25.733333,4377.192635678801,7.8421705
18.466667,5020.046920328963,11.005123
52.6,11247.158169169736,20.60808
23.833333,564.664030019165,2.192601333333333
31.1,1787.4542366414482,20.607319
42.866667,1745.543466115699,1.730772
24.933333,1097.6363636859924,6.572594
22.8,593.643003965979,2.1925966666666667
14.366667,3926.4495861211803,23.808312833333332
36.133333,3270.5083846888433,18.12898183333333
18.466667,1757.7091885423386,13.624208666666664
34.2,10715.362502870521,4.472129333333333
44.533333,15568.719415869467,1.3114046666666666
28.133333,11171.942521631372,22.555657000000004
55.2,14681.414139917812,6.0703445
52.5,8850.196532070018,6.143883333333334
51.9,12379.619260378591,13.575597499999999
30.766667,9716.896442366677,9.247623999999998
24.466667,7037.64081970183,10.301914666666667
31.966667,2414.6653295876044,4.905440499999999
25.066667,2297.7151898692377,4.9054455
19.333333,9530.14786948274,5.166168833333334
48.7,29443.197264043043,4.219743666666667
36.566667,16023.116181604153,15.802632500000001
32.366667,5639.5229267992,5.485786
17.366667,10530.240726132739,12.555666666666665
52.433333,8544.573609115056,9.813338
14.833333,7860.015579950526,10.250503666666667
14.866667,6930.03794753832,14.389194666666667
40.066667,19427.29335378748,7.319884833333333
44.166667,17177.152071484958,14.518866666666666
57.7,15766.51421988897,3.192938333333333
31.2,12164.31983497009,20.613709833333335
50.433333,5767.773910791921,4.093757666666667
45.633333,17627.215712796162,19.100835166666666
19.066667,6879.064735812903,6.003427666666666
23.633333,20554.834682274548,0.2516971666666667
13.833333,6537.235010290194,13.696501666666666
45.366667,24756.58157993833,24.50390416666667
24.6,10814.128805192135,9.639649833333333
53.833333,7091.865149498663,3.247929
54.5,11550.09595987544,9.146404166666667
42.5,8590.63808687295,4.821364833333333
23.7,18424.63506664111,16.3802795
57.8,17922.35298206906,5.265699
40.133333,23780.729723400993,0.08138266666666667
34.333333,7368.906125582557,13.994922333333331
57.833333,11248.591451450651,15.297449666666667
16.566667,8046.186544742369,13.5788455
40.1,8587.825505163377,19.057818666666666
14.933333,17593.373540522287,5.7465893333333335
10.966667,22021.803944955955,9.3811575
53.566667,6389.132775477189,7.0049815
48.3,18937.672234108864,17.711232166666665
56.566667,22642.06110695684,6.460196666666667
53.033333,10437.291072581063,5.622924666666667
55.033333,9147.57547912669,9.4444415
19.633333,6101.492064521242,8.283044499999999
23.0,4844.837089357441,12.424863833333333
34.833333,19686.995518764994,13.829236
14.833333,8637.299456137358,11.976689666666667
27.466667,9655.396654138845,14.028509166666668
35.466667,18660.89422315536,12.276141833333334
50.3,28242.680609332387,19.153683333333333
29.533333,8669.4832926313,11.564804333333335
48.3,9542.269493718084,14.511522833333332
44.7,5758.172221604027,1.1549385
25.4,14631.857598148707,18.108697333333332
52.333333,20911.64154679155,2.587820166666667
20.933333,16355.180849107095,22.804574
30.366667,25688.99447319934,3.7318724999999997
33.233333,21029.154169753972,20.864782833333333
41.266667,13271.29819313002,21.52975633333333
21.966667,16659.929070892224,3.949923
31.933333,6969.663914158689,3.926849833333333
36.2,16341.624201696577,3.1393679999999997
18.666667,6268.104248991146,17.102173
52.466667,4208.098282342974,10.754515833333334
45.633333,12291.931232526871,16.137446166666667
55.333333,13149.570616637971,23.424427166666668
28.366667,18342.556007579107,7.050546666666666
30.2,11232.394583157004,6.5821515
33.333333,21153.72876106855,7.727486833333333
41.833333,15045.57896108917,14.420887
11.733333,19078.594218933045,20.96168266666667
34.833333,17323.27588183611,2.709360666666667
16.366667,10418.134512686825,6.041794666666667
20.8,23322.998413461366,2.0320536666666666
18.1,9680.214999026526,10.2684635
19.866667,20360.286049544342,14.583480166666668
26.533333,14014.448447642764,12.9450015
30.633333,14675.456351817149,24.45682
49.866667,14572.98470818779,3.7416616666666664
50.766667,13173.310516964248,11.347954833333333
21.7,13423.091290545548,10.110051166666668
34.8,4681.584206196024,9.554797166666667
50.0,12208.273792508156,3.2782031666666667
47.133333,26737.76345470036,7.685263999999999
37.3,17454.569917890483,14.533396999999999
11.7,33636.63162621147,20.702149
19.6,14236.198190867495,14.376040166666666
23.5,10909.499246400084,6.464344666666667
41.166667,12280.316879339349,15.038032666666666
41.3,13242.358459414807,5.0513455
37.166667,16111.123026482674,14.798728
22.633333,7889.621026484752,16.111696333333335
46.933333,6575.3006007049535,6.671013833333333
50.8,8624.594192250359,4.949738333333333
53.0,14234.326247372024,21.425656666666665
15.6,8225.726486715866,19.960276166666667
33.433333,12134.267787341498,12.818876166666666
45.4,5169.429589323711,3.602743166666667
21.7,23572.38959097936,14.219017166666665
22.266667,7064.999865339439,14.410293500000002
40.733333,14336.474333658658,16.539840333333334
25.466667,7250.086885524374,15.003891166666666
15.866667,10911.44705527557,0.7348413333333332
52.566667,5097.35820375897,8.188196666666666
25.733333,20066.78803459483,9.245079166666667
12.133333,14180.191047806595,22.35990533333333
27.566667,23480.61114085426,1.8228923333333333
34.833333,8848.049871051624,15.599391333333333
56.2,18267.83201749217,10.014543833333335
19.433333,22587.788875447673,12.821266166666668
58.066667,2802.165293192501,10.056494999999998
37.7,13515.521225760234,16.653372
54.833333,12219.793133852867,14.310965999999999
51.533333,18826.004943128988,11.2952515
26.2,10391.82882802191,9.291041166666666
43.733333,9219.794329743761,12.2419435
34.466667,1576.2478549908167,4.2832865
17.9,10814.957016704944,6.579907
34.533333,23387.867687539154,5.357809
46.033333,13102.74658570537,8.4002005
10.1,13764.356215339134,18.263610333333332
36.233333,6435.304663566454,13.958568000000001
56.666667,17464.2493400728,3.9795413333333336
44.9,26495.17758446285,21.197957
15.366667,11312.27797037194,21.74738783333333
53.033333,18025.874550925306,17.079011666666666
14.9,18522.870470025355,11.319052499999998
15.633333,8947.203597440779,5.310224166666667
21.666667,12797.977357770797,13.893476333333334
58.0,12319.840304292326,2.7150111666666668
57.733333,1947.9418560839981,8.534699
41.4,6991.171380602233,12.334738666666667
52.833333,1901.8090321034783,8.534690666666666
46.233333,9512.888950087017,22.0263975
14.0,2077.115696532609,8.534699166666668
44.033333,1626.0171581620075,4.283286666666666
38.066667,14714.51802387441,10.059707833333333
40.4,32656.574724411716,14.5673525
35.733333,8487.734728735246,12.082066666666666
40.8,2599.7856583157763,3.0828911666666667
41.433333,6691.776757130164,7.418160833333333
25.2,2955.937009538706,6.142106833333333
28.466667,9763.15730660942,10.762797
57.6,4905.79210244949,4.967617333333333
28.366667,11419.983237020619,7.506045666666666
57.0,8557.900172806025,15.693622000000003
44.766667,10085.517286486938,14.195872333333332
37.9,8145.558697017742,5.984930333333334
20.6,30260.75157859035,9.099866500000001
35.566667,13319.23421346191,11.872682000000001
45.9,12166.228287377988,20.434181333333335
56.566667,5106.662723055412,7.2354278333333335
34.0,5916.914800372439,4.516896666666667
10.0,8213.845506104408,1.2656361666666667
42.8,6161.127359718197,10.546256333333334
53.333333,5169.829985735312,5.3031725
27.1,6981.136006884262,23.426504166666664
47.366667,679.8101898859089,10.8870695
46.4,8931.224834770926,1.1718328333333332
41.533333,4840.18634784668,3.8777945000000003
35.233333,8346.230031135905,12.940633833333333
24.3,1466.4672743400647,5.332893500000001
45.0,5700.881514490071,10.435412833333334
10.8,5988.874170511757,13.952142666666669
49.933333,6819.610950914284,14.481972166666667
44.233333,6048.022179747757,19.094587333333333
31.266667,886.4880742197254,1.9182096666666666
42.8,12179.764494295334,21.394689333333332
14.866667,2783.731241017291,9.998330333333335
52.966667,6855.94308533317,2.744944333333333
39.1,7191.490682895421,17.906660833333333
20.833333,8576.137307337618,3.5408785
56.1,5715.6389676965155,1.8743913333333335
20.533333,4077.9537361551443,7.129861
49.266667,6739.657643357726,9.3829425
17.666667,3069.7351668862,5.094578833333332
17.133333,10734.340856283394,20.561541166666665
53.5,12152.550295873563,17.164323500000002
51.333333,10679.86276828439,9.503516833333332
13.966667,4960.74379998109,21.711381999999997
56.466667,547.1660615488647,6.982762500000001
56.833333,4404.816675795836,19.943418
30.466667,11851.836752835292,9.626564
55.533333,8668.980916932527,21.997828000000002
37.2,4647.427862121343,9.888540666666666
34.266667,4430.602418931043,13.486661666666667
24.133333,1739.2653992256915,9.880939
15.333333,9366.884045897274,8.388856333333335
24.133333,2454.183778968494,3.8285711666666673
50.0,9182.788319517887,4.3311845
32.1,945.5931350451012,2.9472403333333332
53.833333,7574.880682079822,0.10431766666666666
54.5,7961.348839790156,15.283035333333334
12.233333,6793.995871900149,11.559914499999998
35.733333,1039.9665840235705,4.738078833333334
31.333333,2113.0339052843055,16.515018666666666
20.8,3883.5079749135302,4.1068025
37.933333,6809.136649641533,18.853565166666666
25.533333,7207.620514746187,0.9599088333333333
49.233333,6345.096947755411,15.208145166666664
45.666667,2290.0428701886162,0.5036001666666667
19.366667,1486.8101436286706,5.130263666666667
23.266667,1566.8935093638975,18.004140166666666
41.266667,4641.21538595118,21.354302833333332
27.066667,8975.564271672625,19.89785983333333
28.233333,17471.83854948087,23.9439305
50.366667,7529.32430478952,15.525319333333332
32.6,5918.780236481417,22.812561666666667
42.633333,4818.472261494114,16.773978666666668
47.366667,12282.089007036822,9.367701833333333
43.333333,8544.484300075552,18.416957333333333
18.633333,12040.39373086144,6.565891499999999
30.2,4707.736611487025,14.608602833333334
24.1,3208.4459868001222,9.912478333333334
13.833333,6775.851238093696,15.003529166666668
20.333333,1122.5117805710988,6.126390166666667
37.4,9710.494187190267,5.117658
10.533333,4728.463228471062,0.681171
12.2,5698.2225210668,16.3919975
10.866667,1469.2310027401882,10.551943166666668
28.766667,11453.874285784004,6.3200055
15.2,10088.972696256715,25.535709666666666
19.6,3214.372865278023,7.427412666666666
20.566667,1985.160167306105,18.845232333333335
56.533333,3039.664784579706,26.074419
28.7,5014.865899806386,3.1989019999999995
30.633333,671.4860786043505,4.746764
11.5,4571.01701343166,5.269272833333334
27.1,2810.0090945369943,17.715019333333334
45.733333,2387.8012731951476,16.696767166666667
29.433333,8253.773421737355,4.683214166666667
25.166667,9120.481798201656,2.3961555
42.733333,1602.01163219133,0.39379349999999996
37.866667,4837.522384628422,19.007903333333335
18.533333,1709.89097118872,0.7652178333333334
52.433333,3518.2719066930536,20.333333333333336
18.066667,8036.931186627097,20.799597166666665
11.066667,10073.393125339251,10.488754833333331
24.933333,7682.773729733017,14.140420166666665
22.533333,3047.335029134213,2.4980378333333335
27.633333,3807.808999304528,13.369836999999999
19.9,7560.553456138321,0.7468866666666667
25.233333,14128.834772292099,21.2393595
12.466667,5002.446407681936,18.517555166666668
39.433333,3729.48617268172,19.865286666666666
24.833333,606.5665915073989,1.3158753333333335
51.266667,12724.251315968391,2.367476
21.3,1360.21599007712,6.353718166666667
15.166667,15951.383159435023,19.172119000000002
40.533333,7445.45181725799,6.138507833333334
22.166667,3908.8430808250982,9.178857166666667
51.733333,10388.507152170367,14.615735833333332
57.9,2596.792117777627,17.595694666666667
54.366667,3219.7584784952487,21.5051265
31.366667,9744.920672370557,15.621400166666666
12.733333,1972.411776478774,0.08752216666666666
43.366667,2835.062963362834,13.544687166666668
37.3,9183.663262007187,7.417431499999999
31.233333,4225.206894460506,18.258922833333333
19.3,5469.407983541893,2.0532925
34.733333,7578.228864727785,19.697324166666665
20.966667,7571.17402174732,23.118668
30.333333,1539.9499696329308,20.3104495
32.266667,7630.79030878859,7.787855333333333
11.7,2120.983885673932,4.6023095000000005
32.466667,6957.949476863291,20.031971333333335
28.6,2174.696686013897,6.417362499999999
48.766667,9623.134669213949,15.4626095
43.966667,5234.20478606859,15.167545166666667
33.7,3034.7229922674396,0.46304283333333335
49.066667,18764.785516228243,22.752972666666665
35.266667,5169.786231662364,14.472507666666669
20.066667,5891.615693272386,14.797564833333334
38.733333,1465.0951219235194,8.864616666666667
57.8,2115.1549914854427,1.6100561666666666
34.066667,3374.4143052961267,9.256008833333334
56.533333,9850.37253123115,15.8919695
26.366667,3701.0000003225778,24.63757016666667
28.233333,2789.7825806302944,2.188851166666667
26.266667,1248.2125526396328,14.989727499999999
49.833333,5378.074543019924,11.188580166666666
28.466667,7064.477803290294,11.205131
44.2,12661.367149398504,0.08999283333333334
23.1,6389.238810168806,11.875800166666668
47.3,2115.0244723781175,0.6087298333333333
56.533333,4756.915270156233,5.684793666666667
28.133333,7044.692305690733,22.836198833333334
23.866667,1544.7705713165417,15.207091166666668
50.266667,3453.2500047696394,3.2049343333333336
32.6,4540.714669649161,6.083662166666667
16.1,2206.2493432017527,14.627303000000001
54.466667,2684.6672859299806,10.038668666666668
53.833333,2019.2005546603089,12.270486499999999
29.4,1893.167690075812,18.041906666666666
14.6,1392.317671249332,18.657478499999996
19.5,6532.784745384213,4.283438333333333
31.166667,13112.449908242272,0.2489115
15.233333,10678.615789980602,16.343595833333335
15.833333,841.3637993074099,3.0254465
29.633333,9365.649044376323,6.378976833333334
11.966667,6446.550650561382,15.403687333333332
53.533333,15994.419060853013,17.21648516666667
54.666667,4936.3767821107685,6.499855166666667
32.8,1708.9517750747787,3.7186215000000002
39.4,1812.6806321397078,18.537654
44.233333,4553.008778529746,1.604341
37.266667,2833.024413438301,13.215152166666666
